Name,Age,Sound
Daisy,5,woof
Oliver,15,woof
Maggie,5,woof
Coco,1,woof
Maggie,4,woof
Buddy,4,woof
Oliver,7,woof
Luna,1,woof
Zoe,2,woof
Chester,11,woof
Zoe,7,woof
Luna,15,woof
Finn,5,woof
Finn,4,woof
Rocky,13,woof
Sophie,1,woof
Max,3,woof
Jasper,13,woof
Sadie,11,woof
Oliver,2,woof
Bella,8,woof
Chester,1,woof
Luna,10,woof
Oliver,13,woof
Teddy,6,woof
Oliver,15,woof
Leo,14,woof
Bear,10,woof
Rex,11,woof
Bella,14,woof
Luna,13,woof
Finn,11,woof
Teddy,2,woof
Oliver,6,woof
Oliver,10,woof
Max,5,woof
Rex,1,woof
Sadie,6,woof
Sadie,10,woof
Luna,4,woof
Sophie,2,woof
Gizmo,5,woof
Ruby,15,woof
Rex,12,woof
Buddy,5,woof
Bear,9,woof
Chester,11,woof
Rex,13,woof
Rex,11,woof
Finn,1,woof
Oliver,8,woof
Daisy,8,woof
Coco,7,woof
Finn,2,woof
Ruby,11,woof
Sadie,3,woof
Buddy,10,woof
Maggie,15,woof
Sophie,1,woof
Sophie,10,woof
Daisy,1,woof
Rocky,5,woof
Sadie,14,woof
Rex,1,woof
Jasper,3,woof
Duke,11,woof
Maggie,1,woof
Charlie,9,woof
Sophie,7,woof
Zoe,8,woof
Finn,10,woof
Charlie,2,woof
Ruby,11,woof
Chester,1,woof
Buddy,8,woof
Bella,12,woof
Charlie,14,woof
Chester,4,woof
Duke,8,woof
Jack,9,woof
Maggie,15,woof
Luna,6,woof
Rex,8,woof
Sadie,10,woof
Daisy,6,woof
Charlie,15,woof
Bella,13,woof
Jack,3,woof
Finn,5,woof
Rocky,10,woof
Jack,13,woof
Charlie,10,woof
Sadie,7,woof
Chester,12,woof
Sadie,4,woof
Rex,3,woof
Zoe,11,woof
Sophie,2,woof
Maggie,3,woof
Luna,14,woof
Maggie,10,woof
Jasper,9,woof
Zoe,11,woof
Jasper,14,woof
Finn,7,woof
Gizmo,5,woof
Maggie,14,woof
Finn,15,woof
Chester,5,woof
Bella,1,woof
Jack,11,woof
Jasper,9,woof
Gizmo,3,woof
Duke,8,woof
Leo,5,woof
Luna,9,woof
Sadie,6,woof
Luna,13,woof
Leo,9,woof
Finn,4,woof
Ruby,13,woof
Jack,11,woof
Duke,3,woof
Bear,1,woof
Sophie,14,woof
Bear,15,woof
Jack,9,woof
Zoe,8,woof
Teddy,13,woof
Buddy,5,woof
Oliver,9,woof
Sadie,13,woof
Ruby,9,woof
Daisy,9,woof
Rocky,4,woof
Maggie,2,woof
Gizmo,1,woof
Leo,8,woof
Coco,7,woof
Leo,1,woof
Max,15,woof
Jack,7,woof
Chester,1,woof
Oliver,2,woof
Oliver,6,woof
Rocky,3,woof
Max,1,woof
Leo,13,woof
Oliver,7,woof
Daisy,10,woof
Sophie,11,woof
Duke,2,woof
Max,1,woof
Finn,11,woof
Ruby,8,woof
Buddy,3,woof
Jack,14,woof
Gizmo,13,woof
Buddy,3,woof
Chester,5,woof
Luna,8,woof
Jack,8,woof
Chester,12,woof
Buddy,13,woof
Max,15,woof
Leo,6,woof
Maggie,11,woof
Zoe,10,woof
Leo,7,woof
Buddy,14,woof
Teddy,15,woof
Leo,2,woof
Sadie,15,woof
Gizmo,12,woof
Daisy,11,woof
Coco,12,woof
Sophie,14,woof
Luna,9,woof
Buddy,2,woof
Rocky,3,woof
Gizmo,10,woof
Buddy,9,woof
Bear,7,woof
Ruby,6,woof
Teddy,9,woof
Ruby,13,woof
Ruby,5,woof
Zoe,13,woof
Max,14,woof
Buddy,3,woof
Duke,9,woof
Finn,8,woof
Daisy,6,woof
Finn,14,woof
Luna,3,woof
Sophie,10,woof
Max,12,woof
Leo,7,woof
Teddy,9,woof
Zoe,8,woof
Bear,2,woof
Daisy,2,woof
Daisy,10,woof
Buddy,11,woof
Sadie,10,woof
Sophie,9,woof
Bear,9,woof
Teddy,1,woof
Sophie,11,woof
Duke,8,woof
Max,15,woof
Buddy,15,woof
Ruby,5,woof
Sadie,13,woof
Daisy,1,woof
Zoe,5,woof
Rocky,1,woof
Bear,13,woof
Rocky,3,woof
Gizmo,4,woof
Bella,11,woof
Oliver,15,woof
Max,1,woof
Ruby,3,woof
Max,3,woof
Sadie,10,woof
Teddy,1,woof
Ruby,5,woof
Daisy,11,woof
Luna,15,woof
Bella,13,woof
Teddy,4,woof
Jasper,1,woof
Zoe,8,woof
Buddy,5,woof
Daisy,2,woof
Chester,9,woof
Oliver,8,woof
Rocky,6,woof
Oliver,6,woof
Coco,9,woof
Leo,10,woof
Rex,7,woof
Rex,1,woof
Finn,13,woof
Gizmo,8,woof
Gizmo,1,woof
Luna,15,woof
Maggie,14,woof
Rocky,3,woof
Leo,3,woof
Luna,3,woof
Bella,8,woof
Max,7,woof
Coco,10,woof
Finn,9,woof
Ruby,14,woof
Rocky,5,woof
Teddy,7,woof
Charlie,6,woof
Gizmo,5,woof
Sadie,3,woof
Duke,9,woof
Rocky,8,woof
Bear,11,woof
Sadie,3,woof
Coco,13,woof
Bear,4,woof
Zoe,3,woof
Luna,15,woof
Jack,1,woof
Ruby,8,woof
Teddy,6,woof
Charlie,4,woof
Jasper,14,woof
Leo,6,woof
Sadie,4,woof
Luna,14,woof
Jack,13,woof
Chester,14,woof
Buddy,8,woof
Bear,2,woof
Bear,6,woof
Duke,5,woof
Gizmo,1,woof
Leo,11,woof
Duke,2,woof
Gizmo,10,woof
Buddy,10,woof
Zoe,12,woof
Daisy,2,woof
Gizmo,15,woof
Coco,13,woof
Rocky,10,woof
Teddy,7,woof
Finn,2,woof
Bella,15,woof
Jasper,14,woof
Luna,2,woof
Charlie,3,woof
Luna,14,woof
Maggie,10,woof
Oliver,15,woof
Teddy,9,woof
Teddy,1,woof
Rex,11,woof
Sophie,14,woof
Sophie,12,woof
Daisy,5,woof
Sadie,4,woof
Jasper,5,woof
Finn,15,woof
Rex,6,woof
Daisy,12,woof
Maggie,12,woof
Leo,5,woof
Buddy,9,woof
Finn,12,woof
Teddy,12,woof
Finn,1,woof
Gizmo,11,woof
Daisy,15,woof
Jasper,6,woof
Finn,7,woof
Buddy,12,woof
Finn,11,woof
Max,8,woof
Jasper,14,woof
Coco,15,woof
Rocky,1,woof
Finn,6,woof
Jack,4,woof
Coco,9,woof
Maggie,9,woof
Leo,14,woof
Rex,7,woof
Zoe,10,woof
Rex,13,woof
Coco,1,woof
Ruby,9,woof
Jasper,9,woof
Teddy,13,woof
Charlie,4,woof
Sophie,10,woof
Bear,6,woof
Daisy,12,woof
Sophie,8,woof
Charlie,8,woof
Oliver,1,woof
Duke,6,woof
Bella,13,woof
Leo,9,woof
Zoe,15,woof
Max,12,woof
Luna,7,woof
Buddy,8,woof
Ruby,1,woof
Sadie,12,woof
Coco,10,woof
Sophie,4,woof
Chester,15,woof
Bella,4,woof
Teddy,5,woof
Max,13,woof
Charlie,1,woof
Coco,5,woof
Jack,9,woof
Gizmo,12,woof
Gizmo,14,woof
Max,2,woof
Charlie,4,woof
Teddy,4,woof
Oliver,11,woof
Luna,1,woof
Teddy,1,woof
Charlie,9,woof
Teddy,14,woof
Teddy,15,woof
Jasper,5,woof
Bella,14,woof
Jasper,10,woof
Zoe,11,woof
Rex,1,woof
Oliver,11,woof
Coco,4,woof
Charlie,11,woof
Buddy,6,woof
Daisy,10,woof
Rocky,3,woof
Maggie,14,woof
Charlie,10,woof
Rex,6,woof
Maggie,6,woof
Coco,10,woof
Jasper,10,woof
Bella,3,woof
Luna,4,woof
Chester,15,woof
Ruby,2,woof
Maggie,7,woof
Rocky,11,woof
Sadie,14,woof
Zoe,12,woof
Bella,13,woof
Sadie,6,woof
Gizmo,5,woof
Gizmo,15,woof
Coco,6,woof
Maggie,3,woof
Chester,15,woof
Teddy,11,woof
Coco,1,woof
Bella,10,woof
Luna,9,woof
Max,14,woof
Teddy,13,woof
Oliver,7,woof
Rocky,4,woof
Duke,2,woof
Coco,7,woof
Teddy,10,woof
Zoe,8,woof
Max,2,woof
Chester,4,woof
Maggie,10,woof
Buddy,2,woof
Finn,7,woof
Finn,1,woof
Daisy,8,woof
Finn,11,woof
Jasper,7,woof
Charlie,11,woof
Daisy,7,woof
Zoe,5,woof
Buddy,9,woof
Ruby,15,woof
Buddy,12,woof
Sophie,2,woof
Jasper,4,woof
Duke,1,woof
Charlie,12,woof
Sophie,10,woof
Sadie,5,woof
Bella,11,woof
Duke,14,woof
Jack,12,woof
Bella,4,woof
Bella,11,woof
Finn,1,woof
Charlie,10,woof
Rex,5,woof
Bear,7,woof
Max,4,woof
Rex,11,woof
Buddy,7,woof
Oliver,7,woof
Daisy,4,woof
Sophie,1,woof
Teddy,2,woof
Finn,4,woof
Coco,2,woof
Daisy,11,woof
Duke,7,woof
Ruby,3,woof
Ruby,3,woof
Sadie,8,woof
Jack,7,woof
Gizmo,9,woof
Jasper,12,woof
Bear,4,woof
Maggie,5,woof
Oliver,14,woof
Jack,7,woof
Bear,12,woof
Rocky,12,woof
Max,13,woof
Leo,4,woof
Daisy,13,woof
Buddy,2,woof
Chester,7,woof
Maggie,14,woof
Gizmo,1,woof
Coco,9,woof
Bear,4,woof
Maggie,3,woof
Daisy,2,woof
Teddy,5,woof
Finn,15,woof
Charlie,3,woof
Maggie,9,woof
Chester,1,woof
Maggie,3,woof
Bella,6,woof
Duke,11,woof
Sadie,2,woof
Charlie,11,woof
Charlie,2,woof
Daisy,13,woof
Zoe,13,woof
Bella,3,woof
Ruby,9,woof
Duke,2,woof
Leo,14,woof
Buddy,2,woof
Bear,11,woof
Finn,13,woof
Teddy,6,woof
Zoe,2,woof
Bear,15,woof
Maggie,14,woof
Daisy,15,woof
Teddy,11,woof
Leo,9,woof
Duke,14,woof
Jack,7,woof
Chester,8,woof
Zoe,10,woof
Charlie,5,woof
Maggie,14,woof
Oliver,10,woof
Chester,11,woof
Zoe,12,woof
Rocky,14,woof
Finn,7,woof
Bear,14,woof
Chester,11,woof
Jack,2,woof
Rocky,11,woof
Chester,14,woof
Luna,5,woof
Rocky,5,woof
Teddy,3,woof
Daisy,6,woof
Zoe,4,woof
Rex,10,woof
Daisy,13,woof
Teddy,1,woof
Maggie,10,woof
Leo,9,woof
Buddy,10,woof
Jack,2,woof
Sophie,2,woof
Bella,6,woof
Daisy,12,woof
Ruby,9,woof
Gizmo,12,woof
Buddy,9,woof
Buddy,11,woof
Bella,4,woof
Leo,1,woof
Jack,10,woof
Leo,10,woof
Daisy,14,woof
Sophie,14,woof
Maggie,13,woof
Oliver,6,woof
Rocky,15,woof
Leo,9,woof
Coco,7,woof
Gizmo,10,woof
Ruby,7,woof
Jack,10,woof
Maggie,11,woof
Maggie,1,woof
Bear,3,woof
Rex,12,woof
Sophie,7,woof
Leo,1,woof
Rocky,2,woof
Jack,5,woof
Coco,5,woof
Oliver,12,woof
Buddy,4,woof
Rocky,8,woof
Ruby,5,woof
Bear,9,woof
Luna,11,woof
Jasper,6,woof
Chester,14,woof
Jack,14,woof
Bella,15,woof
Rocky,5,woof
Zoe,15,woof
Sophie,1,woof
Charlie,9,woof
Teddy,14,woof
Duke,2,woof
Teddy,7,woof
Rocky,15,woof
Chester,9,woof
Coco,13,woof
Bear,1,woof
Maggie,3,woof
Buddy,3,woof
Rex,5,woof
Teddy,7,woof
Gizmo,11,woof
Jack,2,woof
Charlie,1,woof
Bella,14,woof
Sadie,14,woof
Sophie,7,woof
Coco,9,woof
Bear,10,woof
Bear,5,woof
Oliver,15,woof
Max,3,woof
Ruby,10,woof
Oliver,4,woof
Charlie,8,woof
Daisy,15,woof
Sophie,11,woof
Rocky,3,woof
Daisy,3,woof
Buddy,4,woof
Sadie,5,woof
Daisy,3,woof
Sadie,10,woof
Coco,14,woof
Rocky,8,woof
Buddy,12,woof
Jasper,11,woof
Finn,11,woof
Teddy,10,woof
Teddy,12,woof
Jasper,9,woof
Charlie,10,woof
Rocky,9,woof
Teddy,15,woof
Coco,12,woof
Daisy,14,woof
Duke,4,woof
Chester,9,woof
Max,6,woof
Jasper,1,woof
Max,9,woof
Rocky,15,woof
Chester,12,woof
Rex,13,woof
Daisy,1,woof
Luna,12,woof
Finn,2,woof
Maggie,10,woof
Buddy,15,woof
Buddy,9,woof
Max,15,woof
Jasper,4,woof
Jack,3,woof
Jack,15,woof
Maggie,7,woof
Duke,9,woof
Ruby,7,woof
Jasper,4,woof
Daisy,4,woof
Zoe,12,woof
Max,9,woof
Ruby,6,woof
Leo,1,woof
Jack,8,woof
Zoe,7,woof
Jack,2,woof
Ruby,7,woof
Sadie,3,woof
Buddy,10,woof
Buddy,4,woof
Chester,4,woof
Sophie,6,woof
Chester,4,woof
Coco,14,woof
Rocky,2,woof
Duke,13,woof
Rocky,13,woof
Gizmo,9,woof
Daisy,11,woof
Maggie,14,woof
Chester,1,woof
Gizmo,6,woof
Duke,4,woof
Charlie,11,woof
Chester,14,woof
Daisy,6,woof
Bear,4,woof
Zoe,5,woof
Luna,8,woof
Zoe,6,woof
Charlie,11,woof
Oliver,14,woof
Finn,6,woof
Leo,2,woof
Gizmo,2,woof
Jack,5,woof
Coco,7,woof
Teddy,11,woof
Leo,7,woof
Teddy,7,woof
Oliver,3,woof
Gizmo,7,woof
Chester,14,woof
Max,9,woof
Buddy,6,woof
Max,5,woof
Daisy,9,woof
Rocky,2,woof
Zoe,15,woof
Finn,6,woof
Max,9,woof
Max,7,woof
Sophie,15,woof
Teddy,3,woof
Ruby,2,woof
Chester,9,woof
Luna,4,woof
Maggie,14,woof
Luna,14,woof
Buddy,6,woof
Duke,4,woof
Finn,6,woof
Jasper,15,woof
Oliver,15,woof
Luna,10,woof
Jack,5,woof
Rex,6,woof
Charlie,8,woof
Max,10,woof
Jack,7,woof
Oliver,9,woof
Gizmo,2,woof
Gizmo,15,woof
Coco,7,woof
Finn,9,woof
Jasper,1,woof
Sadie,2,woof
Gizmo,9,woof
Jack,5,woof
Jack,8,woof
Bear,3,woof
Buddy,5,woof
Finn,5,woof
Buddy,13,woof
Jasper,3,woof
Sadie,7,woof
Teddy,3,woof
Buddy,1,woof
Chester,7,woof
Daisy,6,woof
Finn,10,woof
Gizmo,10,woof
Chester,6,woof
Buddy,15,woof
Charlie,2,woof
Jasper,7,woof
Daisy,3,woof
Sadie,12,woof
Buddy,4,woof
Bella,4,woof
Duke,3,woof
Bear,5,woof
Sophie,15,woof
Ruby,8,woof
Bear,14,woof
Coco,7,woof
Chester,3,woof
Daisy,10,woof
Teddy,15,woof
Duke,13,woof
Sadie,2,woof
Ruby,6,woof
Chester,6,woof
Rex,11,woof
Ruby,15,woof
Max,10,woof
Rex,15,woof
Teddy,5,woof
Coco,13,woof
Sadie,7,woof
Sadie,2,woof
Finn,14,woof
Ruby,11,woof
Finn,15,woof
Luna,11,woof
Rocky,14,woof
Maggie,12,woof
Finn,6,woof
Buddy,6,woof
Ruby,6,woof
Jack,6,woof
Rex,8,woof
Rocky,11,woof
Chester,1,woof
Coco,3,woof
Oliver,4,woof
Zoe,14,woof
Zoe,4,woof
Charlie,1,woof
Teddy,15,woof
Charlie,15,woof
Zoe,10,woof
Ruby,14,woof
Max,7,woof
Sadie,5,woof
Teddy,2,woof
Luna,11,woof
Sadie,1,woof
Bella,12,woof
Teddy,8,woof
Gizmo,15,woof
Jasper,5,woof
Rocky,1,woof
Buddy,7,woof
Coco,1,woof
Max,2,woof
Ruby,5,woof
Sophie,10,woof
Rocky,5,woof
Sophie,6,woof
Sadie,8,woof
Luna,7,woof
Jasper,8,woof
Oliver,7,woof
Gizmo,9,woof
Leo,11,woof
Max,12,woof
Bella,13,woof
Coco,9,woof
Rocky,4,woof
Bear,5,woof
Sadie,11,woof
Chester,4,woof
Jasper,15,woof
Jasper,10,woof
Finn,1,woof
Buddy,6,woof
Max,10,woof
Teddy,14,woof
Buddy,7,woof
Charlie,7,woof
Maggie,12,woof
Duke,11,woof
Bear,11,woof
Sophie,6,woof
Rocky,13,woof
Teddy,9,woof
Zoe,7,woof
Chester,15,woof
Maggie,8,woof
Bella,3,woof
Zoe,1,woof
Rex,11,woof
Buddy,3,woof
Rocky,3,woof
Luna,9,woof
Sadie,3,woof
Max,12,woof
Jasper,8,woof
Ruby,13,woof
Buddy,4,woof
Ruby,4,woof
Charlie,4,woof
Buddy,3,woof
Charlie,11,woof
Jasper,3,woof
Daisy,15,woof
Coco,14,woof
Daisy,8,woof
Rex,8,woof
Rex,1,woof
Oliver,12,woof
Leo,8,woof
Jasper,13,woof
Zoe,3,woof
Jasper,2,woof
Chester,4,woof
Duke,5,woof
Sophie,7,woof
Daisy,1,woof
Charlie,14,woof
Sadie,12,woof
Ruby,2,woof
Gizmo,9,woof
Rex,13,woof
Zoe,14,woof
Daisy,5,woof
Teddy,3,woof
Chester,9,woof
Finn,14,woof
Luna,11,woof
Gizmo,7,woof
Finn,7,woof
Bear,2,woof
Sophie,12,woof
Buddy,11,woof
Rocky,15,woof
Rex,15,woof
Daisy,4,woof
Sadie,5,woof
Leo,2,woof
Coco,12,woof
Teddy,10,woof
Gizmo,14,woof
Buddy,3,woof
Rocky,7,woof
Luna,13,woof
Jack,14,woof
Coco,1,woof
Chester,2,woof
Buddy,7,woof
Rex,10,woof
Ruby,11,woof
Luna,9,woof
Ruby,8,woof
Coco,7,woof
Charlie,3,woof
Jasper,3,woof
Leo,9,woof
Daisy,3,woof
Jack,13,woof
Luna,11,woof
Charlie,8,woof
Sadie,9,woof
Oliver,9,woof
Leo,1,woof
Ruby,6,woof
Duke,1,woof
Jasper,7,woof
Coco,12,woof
Buddy,9,woof
Coco,12,woof
Sophie,14,woof
Jasper,10,woof
Chester,5,woof
Sadie,15,woof
Bear,4,woof
Chester,15,woof
Jack,10,woof
Finn,8,woof
Gizmo,9,woof
Jack,2,woof
Finn,11,woof
Max,1,woof
Zoe,1,woof
Max,3,woof
Ruby,1,woof
Coco,11,woof
Teddy,4,woof
Jasper,7,woof
Coco,9,woof
Sadie,9,woof
Jasper,12,woof
Bella,10,woof
Sadie,12,woof
Gizmo,3,woof
Oliver,11,woof
Daisy,11,woof
Sophie,8,woof
Zoe,8,woof
Gizmo,5,woof
Gizmo,3,woof
Coco,12,woof
Daisy,9,woof
Gizmo,1,woof
Luna,2,woof
Ruby,6,woof
Bella,4,woof
Sophie,7,woof
Chester,8,woof
Rex,9,woof
Sadie,2,woof
Sadie,12,woof
Oliver,7,woof
Rocky,4,woof
Charlie,5,woof
Jasper,15,woof
Oliver,1,woof
Oliver,13,woof
Leo,11,woof
Luna,7,woof
Leo,3,woof
Leo,2,woof
Duke,8,woof
Rex,6,woof
Finn,7,woof
Finn,13,woof
Coco,2,woof
Rocky,7,woof
Luna,13,woof
Chester,2,woof
Luna,10,woof
Daisy,7,woof
Bella,11,woof
Finn,7,woof
Duke,12,woof
Leo,6,woof
Bear,4,woof
Bear,5,woof
Jasper,13,woof
Maggie,13,woof
Bella,14,woof
Maggie,14,woof
Duke,5,woof
Leo,2,woof
Teddy,8,woof
Finn,13,woof
Oliver,11,woof
Bear,9,woof
Charlie,14,woof
Buddy,5,woof
Luna,2,woof
Jack,1,woof
Ruby,3,woof
Daisy,2,woof
Chester,6,woof
Jasper,12,woof
Sadie,7,woof
Chester,3,woof
Charlie,3,woof
Coco,15,woof
Duke,4,woof
Rex,5,woof
Charlie,9,woof
Jack,4,woof
Jasper,13,woof
Sadie,15,woof
Finn,4,woof
Finn,3,woof
Leo,4,woof
Duke,11,woof
Daisy,2,woof
Buddy,15,woof
Chester,10,woof
Bella,15,woof
Max,6,woof
Sophie,3,woof
Ruby,3,woof
Ruby,1,woof
Daisy,15,woof
Buddy,15,woof
Bear,7,woof
Duke,8,woof
Chester,15,woof
Daisy,6,woof
Zoe,10,woof
Chester,6,woof
Gizmo,3,woof
Buddy,9,woof
Daisy,13,woof
Rex,14,woof
Jack,10,woof
Maggie,11,woof
Teddy,9,woof
Duke,11,woof
Luna,11,woof
Buddy,4,woof
Ruby,14,woof
Finn,10,woof
Bella,10,woof
Max,5,woof
Zoe,11,woof
Luna,1,woof
Daisy,10,woof
Jack,12,woof
Jasper,4,woof
Rocky,6,woof
Sophie,5,woof
Gizmo,15,woof
Sadie,7,woof
Teddy,9,woof
Finn,7,woof
Chester,2,woof
Ruby,2,woof
Daisy,5,woof
Rex,7,woof
Ruby,11,woof
Jack,13,woof
Sophie,15,woof
Rex,13,woof
Maggie,4,woof
Sadie,13,woof
Oliver,4,woof
Bella,8,woof
Jasper,12,woof
Chester,2,woof
Sadie,11,woof
Rex,3,woof
Teddy,1,woof
Zoe,1,woof
Gizmo,7,woof
Sadie,11,woof
Jack,4,woof
Rex,11,woof
Finn,7,woof
Leo,1,woof
Leo,1,woof
Buddy,12,woof
Jasper,4,woof
Daisy,11,woof
Oliver,14,woof
Sophie,2,woof
Daisy,14,woof
Zoe,8,woof
Luna,2,woof
Oliver,8,woof
Finn,15,woof
Max,14,woof
Maggie,1,woof
Leo,4,woof
Gizmo,4,woof
Bear,9,woof
Jack,7,woof
Chester,15,woof
Leo,5,woof
Charlie,7,woof
Buddy,1,woof
Daisy,6,woof
Bear,8,woof
Daisy,9,woof
Charlie,3,woof
Luna,6,woof
Luna,7,woof
Chester,5,woof
Gizmo,1,woof
Sophie,5,woof
Max,3,woof
Finn,12,woof
Rex,1,woof
Max,9,woof
Ruby,3,woof
Finn,10,woof
Oliver,2,woof
Sophie,14,woof
Finn,6,woof
Max,11,woof
Sophie,13,woof
Bear,15,woof
Daisy,7,woof
Bear,15,woof
Leo,11,woof
Rocky,7,woof
Coco,5,woof
Finn,7,woof
Ruby,5,woof
Leo,2,woof
Bear,1,woof
Zoe,8,woof
Rocky,9,woof
Zoe,5,woof
Jasper,15,woof
Bella,8,woof
Finn,3,woof
Rocky,14,woof
Luna,15,woof
Charlie,15,woof
Jack,13,woof
Maggie,2,woof
Teddy,11,woof
Rocky,3,woof
Ruby,11,woof
Rex,1,woof
Buddy,4,woof
Leo,1,woof
Daisy,12,woof
Finn,4,woof
Jack,13,woof
Max,6,woof
Zoe,5,woof
Oliver,3,woof
Bella,14,woof
Max,2,woof
Gizmo,3,woof
Finn,11,woof
Oliver,5,woof
Sophie,4,woof
Rex,5,woof
Sophie,1,woof
Sophie,2,woof
Luna,10,woof
Bella,7,woof
Jasper,13,woof
Sophie,13,woof
Sadie,5,woof
Chester,7,woof
Luna,12,woof
Gizmo,3,woof
Charlie,9,woof
Bella,7,woof
Chester,1,woof
Rocky,7,woof
Coco,5,woof
Leo,4,woof
Coco,11,woof
Max,13,woof
Max,10,woof
Duke,6,woof
Duke,1,woof
Luna,13,woof
Ruby,8,woof
Ruby,2,woof
Buddy,8,woof
Bella,9,woof
Teddy,14,woof
Buddy,13,woof
Jack,10,woof
Daisy,11,woof
Luna,2,woof
Maggie,3,woof
Gizmo,11,woof
Max,14,woof
Bear,13,woof
Bear,11,woof
Zoe,10,woof
Ruby,14,woof
Zoe,4,woof
Zoe,8,woof
Daisy,6,woof
Teddy,13,woof
Rocky,1,woof
Charlie,2,woof
Chester,13,woof
Rex,15,woof
Teddy,10,woof
Sophie,1,woof
Duke,7,woof
Jack,14,woof
Jack,7,woof
Oliver,3,woof
Charlie,12,woof
Ruby,7,woof
Luna,5,woof
Charlie,5,woof
Charlie,9,woof
Coco,12,woof
Gizmo,10,woof
Rocky,6,woof
Maggie,7,woof
Buddy,4,woof
Bella,3,woof
Jack,7,woof
Maggie,7,woof
Oliver,9,woof
Max,11,woof
Jasper,4,woof
Jasper,8,woof
Zoe,12,woof
Luna,15,woof
Leo,2,woof
Coco,4,woof
Duke,9,woof
Teddy,2,woof
Duke,13,woof
Ruby,4,woof
Teddy,4,woof
Teddy,5,woof
Chester,14,woof
Jasper,6,woof
Rex,5,woof
Rex,8,woof
Bella,4,woof
Jasper,11,woof
Ruby,15,woof
Jack,3,woof
Zoe,6,woof
Charlie,2,woof
Finn,15,woof
Buddy,15,woof
Maggie,15,woof
Rocky,13,woof
Zoe,10,woof
Zoe,14,woof
Max,6,woof
Duke,14,woof
Ruby,14,woof
Sophie,9,woof
Sophie,14,woof
Ruby,1,woof
Finn,3,woof
Sadie,12,woof
Daisy,11,woof
Rex,10,woof
Finn,12,woof
Gizmo,10,woof
Zoe,7,woof
Finn,8,woof
Charlie,3,woof
Oliver,7,woof
Coco,9,woof
Sophie,3,woof
Bear,4,woof
Charlie,12,woof
Luna,7,woof
Sophie,8,woof
Bella,2,woof
Bella,4,woof
Jasper,8,woof
Jasper,1,woof
Bella,8,woof
Maggie,3,woof
Jack,2,woof
Luna,7,woof
Teddy,3,woof
Rex,2,woof
Teddy,7,woof
Sadie,15,woof
Buddy,13,woof
Finn,4,woof
Gizmo,4,woof
Coco,9,woof
Maggie,13,woof
Chester,5,woof
Luna,2,woof
Oliver,3,woof
Duke,7,woof
Luna,5,woof
Jasper,14,woof
Gizmo,2,woof
Zoe,13,woof
Luna,4,woof
Daisy,8,woof
Sadie,4,woof
Rex,12,woof
Bella,2,woof
Jasper,2,woof
Charlie,9,woof
Daisy,13,woof
Maggie,6,woof
Finn,13,woof
Bella,13,woof
Oliver,15,woof
Zoe,8,woof
Jack,14,woof
Zoe,13,woof
Teddy,9,woof
Rex,11,woof
Buddy,11,woof
Jack,4,woof
Leo,8,woof
Luna,8,woof
Ruby,2,woof
Zoe,5,woof
Gizmo,11,woof
Chester,7,woof
Charlie,1,woof
Ruby,11,woof
Bella,10,woof
Oliver,11,woof
Rex,14,woof
Jack,9,woof
Jasper,13,woof
Max,4,woof
Oliver,8,woof
Coco,6,woof
Duke,6,woof
Gizmo,4,woof
Duke,3,woof
Max,15,woof
Oliver,7,woof
Max,15,woof
Daisy,15,woof
Finn,3,woof
Maggie,4,woof
Duke,12,woof
Luna,6,woof
Ruby,9,woof
Buddy,12,woof
Jasper,8,woof
Sadie,12,woof
Finn,15,woof
Coco,9,woof
Chester,6,woof
Zoe,11,woof
Chester,11,woof
Maggie,7,woof
Zoe,13,woof
Zoe,4,woof
Maggie,9,woof
Ruby,3,woof
Duke,11,woof
Buddy,12,woof
Duke,3,woof
Jasper,14,woof
Teddy,9,woof
Bella,6,woof
Oliver,3,woof
Sophie,9,woof
Teddy,7,woof
Leo,5,woof
Daisy,9,woof
Jack,6,woof
Duke,15,woof
Leo,5,woof
Sophie,6,woof
Daisy,8,woof
Teddy,15,woof
Leo,9,woof
Max,13,woof
Daisy,12,woof
Zoe,7,woof
Oliver,7,woof
Charlie,13,woof
Charlie,7,woof
Luna,13,woof
Sadie,12,woof
Rocky,6,woof
Chester,9,woof
Teddy,7,woof
Finn,10,woof
Maggie,11,woof
Bear,7,woof
Buddy,5,woof
Bella,12,woof
Teddy,13,woof
Daisy,14,woof
Bear,3,woof
Oliver,3,woof
Finn,1,woof
Daisy,5,woof
Sadie,15,woof
Teddy,12,woof
Maggie,12,woof
Jasper,5,woof
Chester,1,woof
Charlie,9,woof
Finn,14,woof
Leo,5,woof
Sophie,4,woof
Charlie,10,woof
Teddy,8,woof
Coco,6,woof
Finn,2,woof
Bear,7,woof
Coco,6,woof
Jack,1,woof
Buddy,9,woof
Gizmo,6,woof
Gizmo,12,woof
Rocky,2,woof
Chester,3,woof
Gizmo,13,woof
Finn,6,woof
Bear,12,woof
Maggie,2,woof
Leo,4,woof
Bear,6,woof
Bear,2,woof
Bear,9,woof
Coco,14,woof
Oliver,15,woof
Duke,3,woof
Gizmo,9,woof
Rex,8,woof
Bella,3,woof
Finn,4,woof
Sadie,1,woof
Leo,10,woof
Daisy,11,woof
Jack,15,woof
Rex,11,woof
Buddy,7,woof
Daisy,4,woof
Bella,9,woof
Sadie,8,woof
Sophie,7,woof
Leo,5,woof
Rocky,2,woof
Oliver,13,woof
Sophie,3,woof
Oliver,13,woof
Gizmo,10,woof
Sophie,2,woof
Buddy,6,woof
Charlie,11,woof
Bella,1,woof
Zoe,6,woof
Ruby,6,woof
Charlie,10,woof
Luna,14,woof
Sophie,15,woof
Ruby,12,woof
Duke,15,woof
Charlie,14,woof
Rocky,7,woof
Bella,7,woof
Sadie,2,woof
Jack,1,woof
Chester,4,woof
Teddy,12,woof
Buddy,1,woof
Maggie,1,woof
Leo,5,woof
Gizmo,2,woof
Luna,12,woof
Buddy,9,woof
Finn,14,woof
Sophie,3,woof
Sadie,6,woof
Sophie,7,woof
Duke,6,woof
Jasper,3,woof
Finn,4,woof
Oliver,8,woof
Gizmo,10,woof
Ruby,15,woof
Bear,12,woof
Gizmo,4,woof
Rex,11,woof
Rex,14,woof
Charlie,13,woof
Jack,14,woof
Sophie,14,woof
Sophie,15,woof
Charlie,15,woof
Oliver,2,woof
Charlie,7,woof
Luna,9,woof
Chester,4,woof
Finn,7,woof
Sophie,3,woof
Finn,10,woof
Rex,6,woof
Gizmo,3,woof
Sophie,5,woof
Leo,9,woof
Coco,1,woof
Ruby,7,woof
Coco,10,woof
Bear,15,woof
Zoe,11,woof
Rocky,3,woof
Bella,2,woof
Charlie,6,woof
Bear,5,woof
Jasper,4,woof
Jasper,6,woof
Leo,9,woof
Daisy,4,woof
Jasper,15,woof
Max,4,woof
Buddy,10,woof
Coco,9,woof
Coco,10,woof
Bella,3,woof
Zoe,10,woof
Daisy,13,woof
Rocky,6,woof
Coco,10,woof
Charlie,11,woof
Rex,9,woof
Ruby,14,woof
Teddy,10,woof
Max,5,woof
Teddy,12,woof
Coco,4,woof
Finn,11,woof
Max,8,woof
Leo,3,woof
Rex,14,woof
Max,9,woof
Sadie,7,woof
Rex,4,woof
Buddy,13,woof
Coco,11,woof
Maggie,12,woof
Zoe,5,woof
Buddy,5,woof
Sadie,14,woof
Leo,9,woof
Jasper,6,woof
Leo,8,woof
Max,8,woof
Maggie,8,woof
Duke,15,woof
Finn,13,woof
Gizmo,10,woof
Daisy,2,woof
Luna,5,woof
Sadie,3,woof
Bear,14,woof
Teddy,14,woof
Duke,13,woof
Luna,9,woof
Max,2,woof
Duke,11,woof
Max,4,woof
Daisy,13,woof
Jasper,2,woof
Buddy,13,woof
Gizmo,6,woof
Sadie,7,woof
Chester,6,woof
Zoe,6,woof
Gizmo,6,woof
Rex,5,woof
Rocky,1,woof
Oliver,4,woof
Rex,9,woof
Coco,10,woof
Daisy,1,woof
Daisy,9,woof
Rex,10,woof
Leo,3,woof
Buddy,4,woof
Duke,11,woof
Finn,6,woof
Jack,10,woof
Gizmo,10,woof
Bear,15,woof
Oliver,3,woof
Charlie,10,woof
Chester,3,woof
Coco,14,woof
Daisy,3,woof
Jack,2,woof
Maggie,11,woof
Daisy,4,woof
Jack,9,woof
Leo,14,woof
Maggie,2,woof
Zoe,6,woof
Jack,3,woof
Rocky,2,woof
Daisy,3,woof
Jasper,9,woof
Max,8,woof
Duke,12,woof
Coco,4,woof
Teddy,13,woof
Leo,2,woof
Finn,1,woof
Teddy,11,woof
Bear,8,woof
Chester,1,woof
Maggie,5,woof
Leo,15,woof
Finn,7,woof
Sadie,6,woof
Maggie,11,woof
Luna,14,woof
Finn,4,woof
Rex,12,woof
Sophie,1,woof
Sadie,6,woof
Leo,3,woof
Sadie,1,woof
Charlie,13,woof
Oliver,2,woof
Buddy,11,woof
Ruby,7,woof
Charlie,11,woof
Charlie,15,woof
Maggie,1,woof
Charlie,13,woof
Sophie,12,woof
Max,6,woof
Max,11,woof
Sadie,7,woof
Jack,13,woof
Maggie,4,woof
Teddy,15,woof
Chester,13,woof
Duke,3,woof
Charlie,10,woof
Rex,7,woof
Sadie,14,woof
Duke,10,woof
Finn,13,woof
Bella,3,woof
Buddy,1,woof
Bear,15,woof
Jasper,10,woof
Leo,14,woof
Buddy,15,woof
Jack,2,woof
Rocky,14,woof
Sadie,2,woof
Sadie,4,woof
Sadie,4,woof
Luna,5,woof
Finn,3,woof
Max,5,woof
Finn,2,woof
Oliver,7,woof
Chester,5,woof
Jack,9,woof
Max,6,woof
Jack,1,woof
Zoe,13,woof
Gizmo,11,woof
Sophie,10,woof
Teddy,12,woof
Jack,11,woof
Max,1,woof
Bella,2,woof
Jack,14,woof
Finn,15,woof
Bear,6,woof
Sophie,14,woof
Jasper,14,woof
Teddy,3,woof
Bear,2,woof
Ruby,13,woof
Finn,12,woof
Buddy,14,woof
Jasper,10,woof
Jasper,15,woof
Duke,1,woof
Ruby,3,woof
Buddy,1,woof
Jasper,11,woof
Bella,7,woof
Daisy,10,woof
Jasper,10,woof
Bear,11,woof
Buddy,14,woof
Daisy,2,woof
Finn,12,woof
Ruby,9,woof
Buddy,1,woof
Oliver,10,woof
Buddy,14,woof
Daisy,13,woof
Rex,3,woof
Charlie,6,woof
Gizmo,10,woof
Duke,14,woof
Buddy,3,woof
Oliver,1,woof
Sophie,6,woof
Duke,13,woof
Rocky,7,woof
Buddy,1,woof
Bella,14,woof
Gizmo,5,woof
Teddy,14,woof
Jack,14,woof
Maggie,8,woof
Buddy,5,woof
Buddy,3,woof
Bear,5,woof
Charlie,8,woof
Daisy,3,woof
Charlie,10,woof
Bella,3,woof
Luna,3,woof
Bella,12,woof
Rex,14,woof
Jack,10,woof
Daisy,5,woof
Chester,11,woof
Teddy,13,woof
Rex,15,woof
Bear,7,woof
Buddy,1,woof
Oliver,12,woof
Teddy,6,woof
Max,11,woof
Rex,12,woof
Bella,2,woof
Bear,7,woof
Rex,6,woof
Luna,13,woof
Sadie,12,woof
Coco,3,woof
Buddy,15,woof
Rex,5,woof
Daisy,2,woof
Daisy,1,woof
Jasper,4,woof
Duke,4,woof
Sophie,7,woof
Charlie,14,woof
Luna,3,woof
Max,8,woof
Bella,7,woof
Sadie,13,woof
Jasper,8,woof
Bear,5,woof
Rex,5,woof
Coco,11,woof
Leo,12,woof
Sadie,4,woof
Gizmo,10,woof
Gizmo,13,woof
Sophie,5,woof
Daisy,10,woof
Gizmo,4,woof
Teddy,6,woof
Gizmo,5,woof
Sadie,14,woof
Sophie,7,woof
Duke,3,woof
Max,4,woof
Zoe,15,woof
Luna,10,woof
Gizmo,9,woof
Leo,15,woof
Buddy,9,woof
Gizmo,4,woof
Duke,1,woof
Max,3,woof
Rex,13,woof
Gizmo,11,woof
Rocky,2,woof
Duke,12,woof
Sophie,4,woof
Ruby,1,woof
Daisy,2,woof
Bear,4,woof
Max,14,woof
Coco,7,woof
Rex,9,woof
Chester,12,woof
Bella,6,woof
Oliver,6,woof
Duke,2,woof
Jack,3,woof
Rex,4,woof
Bella,14,woof
Jack,3,woof
Ruby,14,woof
Luna,5,woof
Charlie,3,woof
Maggie,13,woof
Daisy,8,woof
Ruby,9,woof
Coco,6,woof
Bella,13,woof
Leo,13,woof
Chester,4,woof
Maggie,12,woof
Bella,12,woof
Rocky,8,woof
Buddy,13,woof
Chester,5,woof
Max,14,woof
Daisy,12,woof
Jack,3,woof
Teddy,2,woof
Gizmo,10,woof
Jack,12,woof
Chester,3,woof
Rocky,6,woof
Rex,2,woof
Coco,11,woof
Teddy,13,woof
Bear,15,woof
Sadie,12,woof
Ruby,11,woof
Sophie,5,woof
Sophie,9,woof
Sophie,13,woof
Ruby,7,woof
Charlie,7,woof
Chester,7,woof
Ruby,9,woof
Sophie,4,woof
Max,10,woof
Bella,14,woof
Gizmo,2,woof
Jasper,13,woof
Teddy,5,woof
Sophie,1,woof
Gizmo,11,woof
Daisy,9,woof
Sadie,7,woof
Jasper,10,woof
Finn,11,woof
Sophie,2,woof
Bear,11,woof
Sadie,4,woof
Charlie,11,woof
Charlie,3,woof
Sophie,7,woof
Leo,13,woof
Rocky,14,woof
Jasper,13,woof
Chester,11,woof
Teddy,5,woof
Buddy,6,woof
Buddy,8,woof
Duke,15,woof
Rocky,13,woof
Bella,8,woof
Jack,8,woof
Jack,5,woof
Rex,9,woof
Chester,1,woof
Jasper,15,woof
Jasper,3,woof
Zoe,10,woof
Max,1,woof
Finn,6,woof
Sadie,9,woof
Chester,5,woof
Teddy,2,woof
Duke,13,woof
Charlie,8,woof
Daisy,1,woof
Chester,4,woof
Jack,12,woof
Rocky,1,woof
Daisy,2,woof
Chester,9,woof
Chester,4,woof
Jack,8,woof
Chester,11,woof
Duke,7,woof
Oliver,14,woof
Bella,6,woof
Jasper,7,woof
Rex,1,woof
Bear,12,woof
Ruby,11,woof
Sophie,12,woof
Max,12,woof
Jasper,5,woof
Buddy,4,woof
Zoe,5,woof
Bear,11,woof
Zoe,8,woof
Oliver,3,woof
Buddy,2,woof
Zoe,8,woof
Gizmo,3,woof
Luna,4,woof
Gizmo,11,woof
Rex,9,woof
Jack,10,woof
Charlie,15,woof
Gizmo,11,woof
Gizmo,10,woof
Teddy,15,woof
Bear,11,woof
Ruby,5,woof
Buddy,7,woof
Finn,13,woof
Oliver,9,woof
Zoe,10,woof
Jack,9,woof
Rocky,8,woof
Gizmo,6,woof
Oliver,11,woof
Teddy,3,woof
Oliver,1,woof
Gizmo,10,woof
Buddy,5,woof
Ruby,15,woof
Bella,3,woof
Charlie,5,woof
Daisy,7,woof
Daisy,11,woof
Chester,3,woof
Duke,8,woof
Luna,1,woof
Leo,9,woof
Rocky,8,woof
Sophie,2,woof
Maggie,14,woof
Oliver,14,woof
Bella,15,woof
Finn,6,woof
Rocky,7,woof
Bear,8,woof
Ruby,5,woof
Jasper,10,woof
Luna,10,woof
Zoe,11,woof
Finn,6,woof
Maggie,12,woof
Daisy,4,woof
Rocky,6,woof
Teddy,7,woof
Max,7,woof
Max,5,woof
Jasper,2,woof
Zoe,4,woof
Luna,15,woof
Zoe,3,woof
Leo,14,woof
Sadie,8,woof
Maggie,3,woof
Buddy,1,woof
Coco,11,woof
Rocky,11,woof
Chester,6,woof
Coco,9,woof
Zoe,3,woof
Luna,11,woof
Jack,15,woof
Jack,10,woof
Daisy,1,woof
Jasper,2,woof
Max,15,woof
Bella,13,woof
Bella,7,woof
Buddy,14,woof
Charlie,8,woof
Chester,14,woof
Gizmo,13,woof
Teddy,10,woof
Finn,11,woof
Bella,13,woof
Charlie,5,woof
Charlie,8,woof
Rocky,1,woof
Zoe,13,woof
Jack,2,woof
Ruby,6,woof
Gizmo,13,woof
Jasper,7,woof
Teddy,3,woof
Rocky,11,woof
Charlie,6,woof
Oliver,11,woof
Teddy,11,woof
Daisy,1,woof
Bella,8,woof
Daisy,12,woof
Daisy,14,woof
Rex,6,woof
Bella,9,woof
Ruby,11,woof
Teddy,15,woof
Charlie,3,woof
Leo,3,woof
Luna,5,woof
Coco,14,woof
Rex,15,woof
Maggie,5,woof
Rocky,14,woof
Teddy,9,woof
Charlie,4,woof
Sophie,15,woof
Finn,7,woof
Gizmo,5,woof
Jasper,6,woof
Chester,10,woof
Duke,8,woof
Max,7,woof
Bear,1,woof
Jack,8,woof
Luna,4,woof
Sophie,13,woof
Buddy,8,woof
Leo,8,woof
Rocky,6,woof
Chester,14,woof
Jack,4,woof
Jasper,11,woof
Charlie,4,woof
Jack,15,woof
Bella,15,woof
Rex,12,woof
Leo,12,woof
Chester,15,woof
Teddy,13,woof
Coco,6,woof
Zoe,15,woof
Gizmo,11,woof
Finn,5,woof
Max,7,woof
Daisy,6,woof
Luna,13,woof
Chester,3,woof
Bella,9,woof
Teddy,2,woof
Sophie,11,woof
Sophie,8,woof
Jasper,5,woof
Ruby,11,woof
Teddy,12,woof
Rex,14,woof
Bella,14,woof
Bella,10,woof
Chester,6,woof
Ruby,9,woof
Coco,15,woof
Sophie,7,woof
Bear,6,woof
Maggie,12,woof
Finn,12,woof
Luna,12,woof
Maggie,14,woof
Luna,14,woof
Sadie,9,woof
Sadie,3,woof
Rex,3,woof
Coco,6,woof
Rocky,12,woof
Zoe,8,woof
Buddy,1,woof
Oliver,7,woof
Teddy,11,woof
Gizmo,14,woof
Gizmo,2,woof
Gizmo,11,woof
Rex,13,woof
Bella,6,woof
Coco,7,woof
Rex,1,woof
Jasper,13,woof
Sadie,7,woof
Bella,12,woof
Max,5,woof
Maggie,3,woof
Charlie,11,woof
Jasper,2,woof
Jack,3,woof
Leo,3,woof
Maggie,4,woof
Bear,12,woof
Gizmo,3,woof
Finn,14,woof
Ruby,2,woof
Finn,13,woof
Ruby,7,woof
Bella,1,woof
Luna,10,woof
Sadie,15,woof
Coco,10,woof
Sophie,15,woof
Zoe,15,woof
Duke,13,woof
Coco,11,woof
Teddy,2,woof
Buddy,3,woof
Rocky,11,woof
Bear,9,woof
Leo,15,woof
Jasper,7,woof
Jack,5,woof
Buddy,11,woof
Sophie,8,woof
Luna,13,woof
Rex,10,woof
Gizmo,15,woof
Maggie,7,woof
Bella,10,woof
Sadie,1,woof
Maggie,8,woof
Max,14,woof
Rocky,15,woof
Finn,15,woof
Sophie,13,woof
Luna,9,woof
Zoe,9,woof
Teddy,11,woof
Gizmo,7,woof
Bella,11,woof
Finn,10,woof
Jack,2,woof
Bear,6,woof
Coco,1,woof
Gizmo,11,woof
Chester,12,woof
Ruby,6,woof
Max,4,woof
Coco,6,woof
Bella,11,woof
Coco,3,woof
Sadie,4,woof
Gizmo,2,woof
Bear,6,woof
Teddy,11,woof
Buddy,2,woof
Bear,8,woof
Max,13,woof
Leo,2,woof
Maggie,14,woof
Teddy,5,woof
Luna,3,woof
Bear,12,woof
Coco,15,woof
Sophie,4,woof
Maggie,5,woof
Rex,8,woof
Luna,4,woof
Rocky,15,woof
Charlie,15,woof
Sadie,1,woof
Sophie,4,woof
Finn,14,woof
Leo,7,woof
Rex,10,woof
Finn,6,woof
Finn,14,woof
Sadie,2,woof
Teddy,7,woof
Maggie,7,woof
Sadie,3,woof
Teddy,13,woof
Charlie,15,woof
Oliver,13,woof
Sophie,2,woof
Jack,6,woof
Daisy,9,woof
Jasper,11,woof
Maggie,2,woof
Duke,3,woof
Rex,7,woof
Bear,1,woof
Oliver,2,woof
Teddy,4,woof
Max,7,woof
Maggie,1,woof
Finn,6,woof
Sadie,11,woof
Sophie,1,woof
Duke,9,woof
Teddy,15,woof
Rocky,13,woof
Rex,13,woof
Maggie,12,woof
Duke,5,woof
Rocky,6,woof
Luna,15,woof
Jack,11,woof
Ruby,5,woof
Jasper,5,woof
Jasper,6,woof
Bella,12,woof
Rocky,2,woof
Chester,6,woof
Leo,14,woof
Coco,8,woof
Max,9,woof
Jasper,14,woof
Max,8,woof
Daisy,9,woof
Jasper,14,woof
Oliver,5,woof
Gizmo,2,woof
Maggie,11,woof
Luna,10,woof
Sophie,12,woof
Sophie,7,woof
Daisy,6,woof
Duke,11,woof
Maggie,5,woof
Chester,2,woof
Bella,9,woof
Bear,2,woof
Buddy,3,woof
Jasper,3,woof
Finn,8,woof
Luna,3,woof
Bear,4,woof
Ruby,13,woof
Max,10,woof
Daisy,3,woof
Finn,10,woof
Chester,2,woof
Duke,1,woof
Charlie,13,woof
Duke,4,woof
Leo,2,woof
Rocky,4,woof
Leo,14,woof
Teddy,4,woof
Gizmo,5,woof
Rocky,7,woof
Rex,8,woof
Sophie,4,woof
Coco,7,woof
Bella,7,woof
Rex,1,woof
Rocky,1,woof
Gizmo,7,woof
Maggie,14,woof
Finn,6,woof
Jack,2,woof
Chester,14,woof
Buddy,4,woof
Jasper,11,woof
Max,6,woof
Luna,12,woof
Daisy,12,woof
Sophie,8,woof
Coco,7,woof
Bella,12,woof
Duke,14,woof
Jack,9,woof
Rocky,10,woof
Finn,14,woof
Bella,9,woof
Sadie,12,woof
Sadie,12,woof
Rex,9,woof
Sadie,2,woof
Rex,2,woof
Jasper,8,woof
Gizmo,13,woof
Duke,13,woof
Buddy,13,woof
Jasper,3,woof
Finn,12,woof
Daisy,4,woof
Max,12,woof
Gizmo,14,woof
Charlie,13,woof
Sophie,4,woof
Bear,4,woof
Oliver,7,woof
Jack,14,woof
Rex,3,woof
Ruby,7,woof
Maggie,4,woof
Jack,3,woof
Finn,13,woof
Zoe,11,woof
Sophie,5,woof
Teddy,6,woof
Coco,11,woof
Luna,2,woof
Sadie,2,woof
Leo,4,woof
Chester,8,woof
Charlie,10,woof
Sophie,1,woof
Teddy,11,woof
Jack,15,woof
Sadie,14,woof
Gizmo,7,woof
Bella,2,woof
Maggie,4,woof
Gizmo,7,woof
Finn,6,woof
Zoe,4,woof
Ruby,5,woof
Zoe,4,woof
Rex,15,woof
Gizmo,14,woof
Rocky,7,woof
Sophie,15,woof
Daisy,12,woof
Bear,9,woof
Jasper,3,woof
Daisy,5,woof
Daisy,9,woof
Rex,1,woof
Jasper,6,woof
Luna,13,woof
Zoe,2,woof
Luna,15,woof
Maggie,4,woof
Jasper,12,woof
Sadie,1,woof
Rex,1,woof
Gizmo,9,woof
Ruby,9,woof
Ruby,6,woof
Sophie,15,woof
Finn,5,woof
Zoe,6,woof
Rocky,13,woof
Max,7,woof
Chester,10,woof
Finn,13,woof
Bella,4,woof
Finn,11,woof
Bella,9,woof
Max,8,woof
Sophie,9,woof
Daisy,9,woof
Bella,5,woof
Ruby,12,woof
Bella,3,woof
Sadie,2,woof
Coco,1,woof
Bella,12,woof
Rocky,11,woof
Max,14,woof
Luna,10,woof
Sophie,12,woof
Leo,3,woof
Coco,14,woof
Sadie,12,woof
Gizmo,14,woof
Duke,12,woof
Chester,5,woof
Rex,3,woof
Teddy,9,woof
Rocky,9,woof
Charlie,3,woof
Leo,12,woof
Gizmo,15,woof
Max,8,woof
Zoe,2,woof
Sophie,6,woof
Leo,13,woof
Coco,9,woof
Sadie,5,woof
Leo,3,woof
Ruby,10,woof
Chester,2,woof
Jack,12,woof
Duke,10,woof
Rex,15,woof
Daisy,14,woof
Jack,2,woof
Gizmo,12,woof
Buddy,9,woof
Leo,14,woof
Coco,4,woof
Bear,12,woof
Bella,2,woof
Rex,13,woof
Rex,9,woof
Daisy,11,woof
Sophie,10,woof
Buddy,11,woof
Max,4,woof
Rocky,10,woof
Rex,1,woof
Leo,1,woof
Luna,15,woof
Sadie,4,woof
Jasper,4,woof
Finn,11,woof
Chester,2,woof
Bear,15,woof
Gizmo,4,woof
Bear,5,woof
Ruby,5,woof
Daisy,11,woof
Ruby,5,woof
Finn,12,woof
Sophie,14,woof
Jack,8,woof
Buddy,9,woof
Bella,14,woof
Jack,10,woof
Rex,13,woof
Zoe,1,woof
Leo,6,woof
Gizmo,6,woof
Max,3,woof
Luna,12,woof
Zoe,8,woof
Sophie,3,woof
Daisy,10,woof
Daisy,14,woof
Teddy,12,woof
Bear,9,woof
Jack,6,woof
Leo,13,woof
Daisy,15,woof
Duke,9,woof
Charlie,11,woof
Ruby,10,woof
Bear,1,woof
Buddy,15,woof
Daisy,11,woof
Max,11,woof
Daisy,12,woof
Bella,8,woof
Bear,12,woof
Jack,3,woof
Coco,11,woof
Buddy,4,woof
Jack,7,woof
Coco,14,woof
Gizmo,10,woof
Teddy,15,woof
Maggie,3,woof
Jack,1,woof
Sadie,14,woof
Ruby,4,woof
Chester,13,woof
Teddy,3,woof
Max,11,woof
Jack,13,woof
Jack,5,woof
Maggie,8,woof
Rex,7,woof
Ruby,10,woof
Luna,15,woof
Rocky,7,woof
Duke,11,woof
Daisy,14,woof
Duke,2,woof
Daisy,9,woof
Oliver,10,woof
Gizmo,15,woof
Zoe,9,woof
Teddy,11,woof
Rocky,1,woof
Rocky,15,woof
Bella,15,woof
Rocky,11,woof
Bear,2,woof
Zoe,15,woof
Teddy,2,woof
Sophie,12,woof
Sadie,8,woof
Rocky,4,woof
Bear,8,woof
Bear,6,woof
Oliver,9,woof
Rex,8,woof
Luna,7,woof
Jack,6,woof
Buddy,15,woof
Mittens,15,meow
Oscar,5,meow
Milo,1,meow
Chester,12,meow
Mittens,10,meow
Lucy,5,meow
Smokey,11,meow
Sophie,15,meow
Lucy,15,meow
Oscar,6,meow
Sophie,14,meow
Marley,9,meow
Chester,6,meow
Leo,5,meow
Chester,9,meow
Oliver,8,meow
Smokey,6,meow
Tigger,3,meow
Cleo,15,meow
Cleo,5,meow
Chloe,7,meow
Lily,2,meow
Shadow,3,meow
Luna,5,meow
Cleo,9,meow
Bella,13,meow
Salem,13,meow
Simba,13,meow
Lily,15,meow
Marley,1,meow
Shadow,3,meow
Oliver,9,meow
Whiskers,14,meow
Whiskers,13,meow
Luna,10,meow
Salem,5,meow
Smokey,7,meow
Lily,10,meow
Tigger,5,meow
Whiskers,9,meow
Salem,10,meow
Milo,6,meow
Oscar,13,meow
Shadow,10,meow
Simba,13,meow
Salem,12,meow
Cleo,9,meow
Marley,8,meow
Cleo,10,meow
Lucy,13,meow
Salem,2,meow
Marley,12,meow
Sophie,5,meow
Smokey,13,meow
Milo,5,meow
Marley,14,meow
Chloe,8,meow
Tigger,7,meow
Ginger,2,meow
Marley,5,meow
Simba,10,meow
Zoe,13,meow
Shadow,3,meow
Tigger,13,meow
Bella,4,meow
Mittens,7,meow
Luna,11,meow
Bella,7,meow
Whiskers,9,meow
Lucy,10,meow
Salem,5,meow
Whiskers,12,meow
Cleo,8,meow
Simba,1,meow
Mittens,13,meow
Whiskers,15,meow
Sophie,1,meow
Tigger,8,meow
Smokey,4,meow
Whiskers,12,meow
Smokey,6,meow
Mittens,14,meow
Lucy,10,meow
Chester,15,meow
Chester,11,meow
Cleo,5,meow
Luna,3,meow
Chloe,5,meow
Luna,2,meow
Bella,12,meow
Mittens,12,meow
Chloe,12,meow
Milo,4,meow
Mittens,5,meow
Marley,2,meow
Lucy,8,meow
Chester,12,meow
Cleo,11,meow
Luna,3,meow
Smokey,2,meow
Tigger,6,meow
Mittens,4,meow
Chloe,15,meow
Oliver,2,meow
Simba,4,meow
Oscar,4,meow
Chloe,2,meow
Oliver,14,meow
Oliver,15,meow
Cleo,1,meow
Chester,7,meow
Shadow,3,meow
Sophie,8,meow
Cleo,13,meow
Oliver,12,meow
Bella,7,meow
Luna,14,meow
Luna,4,meow
Oscar,3,meow
Sophie,10,meow
Chester,1,meow
Marley,15,meow
Oscar,7,meow
Oliver,10,meow
Lily,11,meow
Salem,13,meow
Bella,7,meow
Smokey,7,meow
Lucy,14,meow
Luna,7,meow
Ginger,7,meow
Simba,11,meow
Leo,10,meow
Mittens,7,meow
Oliver,4,meow
Ginger,9,meow
Mittens,10,meow
Ginger,8,meow
Sophie,9,meow
Oliver,2,meow
Sophie,13,meow
Ginger,8,meow
Whiskers,11,meow
Chloe,8,meow
Chloe,12,meow
Lucy,14,meow
Chester,15,meow
Marley,6,meow
Leo,3,meow
Chloe,10,meow
Lucy,5,meow
Chester,6,meow
Nala,10,meow
Leo,15,meow
Nala,14,meow
Oscar,9,meow
Chester,5,meow
Chester,1,meow
Whiskers,8,meow
Cleo,2,meow
Chloe,5,meow
Marley,2,meow
Ginger,6,meow
Marley,4,meow
Cleo,13,meow
Simba,2,meow
Bella,7,meow
Milo,11,meow
Smokey,9,meow
Chloe,6,meow
Bella,15,meow
Shadow,4,meow
Chloe,5,meow
Ginger,2,meow
Tigger,10,meow
Marley,4,meow
Oscar,9,meow
Oscar,2,meow
Shadow,3,meow
Milo,7,meow
Leo,10,meow
Marley,15,meow
Shadow,12,meow
Luna,10,meow
Ginger,2,meow
Marley,11,meow
Milo,10,meow
Shadow,13,meow
Tigger,4,meow
Oliver,9,meow
Milo,8,meow
Ginger,5,meow
Mittens,15,meow
Oliver,14,meow
Chester,5,meow
Salem,8,meow
Chloe,14,meow
Mittens,4,meow
Chester,2,meow
Leo,2,meow
Lucy,4,meow
Tigger,10,meow
Mittens,10,meow
Smokey,7,meow
Luna,2,meow
Salem,13,meow
Milo,10,meow
Nala,6,meow
Leo,14,meow
Simba,3,meow
Luna,5,meow
Cleo,7,meow
Luna,7,meow
Mittens,12,meow
Milo,13,meow
Tigger,10,meow
Tigger,14,meow
Zoe,10,meow
Zoe,4,meow
Bella,14,meow
Nala,4,meow
Sophie,5,meow
Ginger,1,meow
Oscar,8,meow
Mittens,2,meow
Nala,7,meow
Nala,8,meow
Luna,13,meow
Lucy,8,meow
Chloe,8,meow
Smokey,6,meow
Oscar,6,meow
Marley,11,meow
Simba,2,meow
Lily,3,meow
Lucy,9,meow
Chloe,15,meow
Oscar,4,meow
Lily,4,meow
Whiskers,15,meow
Tigger,9,meow
Marley,12,meow
Tigger,8,meow
Bella,7,meow
Oscar,2,meow
Nala,11,meow
Oliver,15,meow
Mittens,1,meow
Oscar,2,meow
Cleo,10,meow
Chester,14,meow
Simba,2,meow
Leo,12,meow
Oscar,5,meow
Lily,6,meow
Leo,13,meow
Chloe,5,meow
Leo,11,meow
Bella,3,meow
Mittens,11,meow
Smokey,6,meow
Cleo,8,meow
Simba,1,meow
Ginger,3,meow
Tigger,2,meow
Zoe,11,meow
Marley,6,meow
Sophie,1,meow
Milo,2,meow
Lucy,10,meow
Luna,2,meow
Luna,14,meow
Bella,8,meow
Oscar,13,meow
Lily,14,meow
Lily,2,meow
Marley,7,meow
Marley,15,meow
Chester,2,meow
Shadow,12,meow
Chester,10,meow
Shadow,3,meow
Ginger,6,meow
Nala,10,meow
Marley,2,meow
Smokey,5,meow
Zoe,5,meow
Smokey,13,meow
Luna,13,meow
Cleo,8,meow
Luna,8,meow
Chester,9,meow
Sophie,14,meow
Leo,2,meow
Leo,5,meow
Sophie,15,meow
Luna,11,meow
Smokey,4,meow
Lily,10,meow
Chester,8,meow
Chloe,15,meow
Sophie,1,meow
Zoe,7,meow
Milo,1,meow
Milo,3,meow
Milo,3,meow
Lucy,13,meow
Zoe,6,meow
Whiskers,7,meow
Cleo,14,meow
Simba,14,meow
Chloe,11,meow
Milo,7,meow
Oliver,15,meow
Shadow,2,meow
Leo,1,meow
Luna,6,meow
Milo,12,meow
Whiskers,1,meow
Whiskers,14,meow
Milo,11,meow
Whiskers,13,meow
Simba,11,meow
Tigger,5,meow
Mittens,4,meow
Smokey,10,meow
Zoe,11,meow
Sophie,7,meow
Sophie,1,meow
Chloe,13,meow
Mittens,5,meow
Oliver,3,meow
Chloe,12,meow
Bella,10,meow
Whiskers,6,meow
Ginger,13,meow
Chloe,13,meow
Simba,8,meow
Lucy,6,meow
Cleo,13,meow
Leo,3,meow
Salem,6,meow
Chester,15,meow
Milo,4,meow
Smokey,14,meow
Oscar,4,meow
Cleo,7,meow
Nala,9,meow
Luna,8,meow
Oliver,11,meow
Zoe,1,meow
Luna,5,meow
Tigger,8,meow
Lucy,2,meow
Sophie,10,meow
Chester,1,meow
Oliver,8,meow
Milo,6,meow
Lily,4,meow
Shadow,6,meow
Salem,13,meow
Simba,7,meow
Zoe,7,meow
Bella,12,meow
Oscar,6,meow
Salem,2,meow
Oscar,12,meow
Simba,1,meow
Cleo,5,meow
Tigger,7,meow
Leo,5,meow
Chloe,7,meow
Smokey,6,meow
Simba,11,meow
Salem,14,meow
Luna,14,meow
Nala,3,meow
Marley,8,meow
Ginger,8,meow
Cleo,14,meow
Salem,11,meow
Ginger,3,meow
Chester,8,meow
Luna,2,meow
Zoe,4,meow
Leo,12,meow
Chloe,6,meow
Sophie,2,meow
Lily,13,meow
Tigger,13,meow
Oscar,9,meow
Ginger,4,meow
Smokey,8,meow
Nala,9,meow
Leo,12,meow
Salem,15,meow
Lily,1,meow
Chester,4,meow
Salem,8,meow
Salem,5,meow
Lily,5,meow
Mittens,13,meow
Whiskers,12,meow
Shadow,5,meow
Smokey,3,meow
Whiskers,1,meow
Simba,13,meow
Milo,4,meow
Chester,13,meow
Smokey,1,meow
Shadow,4,meow
Ginger,15,meow
Lucy,10,meow
Ginger,8,meow
Mittens,10,meow
Shadow,11,meow
Oscar,2,meow
Luna,12,meow
Whiskers,1,meow
Chloe,15,meow
Shadow,7,meow
Chloe,10,meow
Lucy,3,meow
Sophie,2,meow
Bella,8,meow
Mittens,14,meow
Oliver,3,meow
Bella,8,meow
Luna,7,meow
Tigger,14,meow
Whiskers,2,meow
Zoe,13,meow
Simba,15,meow
Smokey,8,meow
Milo,6,meow
Leo,8,meow
Whiskers,15,meow
Bella,11,meow
Luna,5,meow
Mittens,2,meow
Leo,15,meow
Marley,1,meow
Cleo,1,meow
Cleo,14,meow
Lucy,5,meow
Leo,2,meow
Zoe,3,meow
Milo,4,meow
Luna,3,meow
Salem,3,meow
Bella,6,meow
Oscar,6,meow
Luna,6,meow
Smokey,12,meow
Oscar,15,meow
Salem,3,meow
Whiskers,10,meow
Smokey,11,meow
Smokey,3,meow
Salem,7,meow
Nala,11,meow
Bella,8,meow
Lily,11,meow
Oscar,7,meow
Luna,5,meow
Smokey,3,meow
Oscar,8,meow
Marley,6,meow
Chloe,10,meow
Nala,2,meow
Leo,13,meow
Whiskers,11,meow
Tigger,1,meow
Ginger,14,meow
Oliver,13,meow
Chester,8,meow
Bella,13,meow
Sophie,5,meow
Tigger,11,meow
Salem,13,meow
Marley,12,meow
Milo,7,meow
Simba,10,meow
Chloe,2,meow
Nala,12,meow
Whiskers,9,meow
Sophie,5,meow
Ginger,11,meow
Oliver,6,meow
Chester,11,meow
Oliver,3,meow
Milo,7,meow
Zoe,1,meow
Milo,10,meow
Cleo,2,meow
Bella,10,meow
Oliver,2,meow
Ginger,11,meow
Oscar,7,meow
Tigger,1,meow
Chloe,13,meow
Luna,6,meow
Luna,9,meow
Oscar,10,meow
Smokey,12,meow
Chester,14,meow
Smokey,9,meow
Milo,5,meow
Mittens,5,meow
Nala,2,meow
Leo,6,meow
Lily,3,meow
Oliver,2,meow
Tigger,13,meow
Smokey,1,meow
Nala,1,meow
Mittens,4,meow
Marley,1,meow
Ginger,9,meow
Luna,11,meow
Sophie,13,meow
Lily,10,meow
Whiskers,4,meow
Sophie,14,meow
Milo,4,meow
Ginger,12,meow
Oscar,3,meow
Smokey,5,meow
Smokey,13,meow
Leo,9,meow
Lucy,3,meow
Cleo,7,meow
Chester,1,meow
Leo,9,meow
Lucy,2,meow
Ginger,2,meow
Mittens,7,meow
Chloe,7,meow
Tigger,15,meow
Lily,7,meow
Lily,8,meow
Shadow,6,meow
Cleo,14,meow
Oliver,2,meow
Lucy,6,meow
Cleo,13,meow
Salem,1,meow
Whiskers,1,meow
Mittens,6,meow
Leo,2,meow
Luna,8,meow
Chloe,8,meow
Tigger,8,meow
Nala,11,meow
Simba,9,meow
Shadow,4,meow
Salem,4,meow
Nala,9,meow
Mittens,12,meow
Luna,1,meow
Leo,15,meow
Shadow,5,meow
Lily,5,meow
Mittens,14,meow
Cleo,7,meow
Lily,9,meow
Marley,6,meow
Shadow,7,meow
Whiskers,15,meow
Milo,12,meow
Oscar,9,meow
Simba,13,meow
Chloe,14,meow
Salem,3,meow
Sophie,15,meow
Bella,15,meow
Sophie,15,meow
Oliver,12,meow
Simba,7,meow
Oliver,12,meow
Oscar,8,meow
Oscar,1,meow
Salem,10,meow
Simba,12,meow
Chester,10,meow
Oscar,14,meow
Luna,9,meow
Chloe,12,meow
Mittens,7,meow
Lily,2,meow
Ginger,11,meow
Ginger,3,meow
Salem,8,meow
Sophie,2,meow
Ginger,4,meow
Chloe,4,meow
Salem,11,meow
Shadow,4,meow
Cleo,6,meow
Nala,5,meow
Lucy,8,meow
Chester,10,meow
Bella,15,meow
Simba,1,meow
Mittens,15,meow
Ginger,11,meow
Tigger,12,meow
Marley,15,meow
Lily,15,meow
Leo,7,meow
Bella,11,meow
Zoe,2,meow
Tigger,12,meow
Shadow,13,meow
Simba,1,meow
Oscar,14,meow
Whiskers,7,meow
Lily,9,meow
Oscar,15,meow
Simba,3,meow
Milo,3,meow
Milo,11,meow
Ginger,14,meow
Shadow,4,meow
Bella,14,meow
Smokey,12,meow
Lily,4,meow
Marley,13,meow
Mittens,4,meow
Lucy,8,meow
Milo,13,meow
Bella,14,meow
Oscar,2,meow
Nala,9,meow
Mittens,3,meow
Bella,12,meow
Sophie,10,meow
Cleo,3,meow
Smokey,11,meow
Simba,6,meow
Ginger,10,meow
Shadow,13,meow
Tigger,15,meow
Chester,1,meow
Luna,10,meow
Cleo,8,meow
Cleo,15,meow
Shadow,11,meow
Lily,1,meow
Leo,1,meow
Lucy,10,meow
Cleo,3,meow
Smokey,8,meow
Chester,14,meow
Milo,15,meow
Lucy,11,meow
Sophie,2,meow
Mittens,13,meow
Tigger,9,meow
Tigger,7,meow
Marley,5,meow
Luna,11,meow
Leo,7,meow
Oscar,3,meow
Oliver,5,meow
Bella,1,meow
Chester,1,meow
Cleo,5,meow
Sophie,9,meow
Cleo,12,meow
Lucy,13,meow
Milo,9,meow
Sophie,4,meow
Leo,10,meow
Smokey,7,meow
Chloe,7,meow
Sophie,1,meow
Lily,4,meow
Salem,6,meow
Chester,6,meow
Shadow,3,meow
Whiskers,2,meow
Zoe,6,meow
Nala,10,meow
Smokey,5,meow
Chester,3,meow
Lily,13,meow
Marley,2,meow
Lily,3,meow
Smokey,12,meow
Chloe,12,meow
Chloe,14,meow
Chester,13,meow
Nala,4,meow
Whiskers,9,meow
Chester,15,meow
Leo,13,meow
Nala,11,meow
Cleo,13,meow
Salem,15,meow
Ginger,9,meow
Marley,3,meow
Simba,4,meow
Milo,1,meow
Leo,3,meow
Marley,1,meow
Oliver,7,meow
Salem,11,meow
Chester,15,meow
Oscar,4,meow
Cleo,14,meow
Smokey,13,meow
Chloe,13,meow
Ginger,2,meow
Ginger,14,meow
Mittens,3,meow
Lily,14,meow
Zoe,9,meow
Tigger,1,meow
Tigger,8,meow
Lily,12,meow
Bella,4,meow
Chloe,8,meow
Milo,14,meow
Milo,13,meow
Salem,1,meow
Cleo,9,meow
Chloe,4,meow
Sophie,12,meow
Smokey,13,meow
Whiskers,4,meow
Marley,1,meow
Milo,1,meow
Tigger,15,meow
Sophie,7,meow
Marley,1,meow
Marley,7,meow
Mittens,5,meow
Salem,5,meow
Milo,9,meow
Lucy,13,meow
Mittens,15,meow
Luna,2,meow
Leo,5,meow
Salem,4,meow
Lucy,14,meow
Salem,5,meow
Bella,9,meow
Oliver,5,meow
Chester,15,meow
Oscar,4,meow
Bella,7,meow
Milo,5,meow
Chloe,4,meow
Luna,8,meow
Shadow,3,meow
Salem,12,meow
Milo,13,meow
Oliver,4,meow
Cleo,8,meow
Sophie,13,meow
Luna,6,meow
Marley,7,meow
Tigger,5,meow
Ginger,14,meow
Chloe,4,meow
Marley,2,meow
Nala,2,meow
Lily,12,meow
Bella,4,meow
Chloe,7,meow
Tigger,10,meow
Simba,2,meow
Tigger,4,meow
Mittens,13,meow
Tigger,15,meow
Oscar,1,meow
Mittens,5,meow
Zoe,3,meow
Whiskers,10,meow
Marley,2,meow
Leo,6,meow
Ginger,2,meow
Chester,10,meow
Nala,5,meow
Chester,14,meow
Oscar,6,meow
Chloe,14,meow
Simba,1,meow
Zoe,3,meow
Cleo,11,meow
Luna,6,meow
Milo,3,meow
Chloe,14,meow
Lucy,13,meow
Chloe,1,meow
Milo,10,meow
Chloe,11,meow
Whiskers,10,meow
Smokey,5,meow
Zoe,7,meow
Lily,5,meow
Lily,8,meow
Marley,11,meow
Oliver,5,meow
Mittens,5,meow
Marley,12,meow
Chloe,9,meow
Nala,5,meow
Tigger,7,meow
Luna,11,meow
Sophie,14,meow
Mittens,1,meow
Simba,2,meow
Oliver,15,meow
Tigger,9,meow
Lily,9,meow
Simba,3,meow
Leo,2,meow
Ginger,1,meow
Marley,13,meow
Bella,1,meow
Nala,5,meow
Milo,1,meow
Luna,7,meow
Shadow,1,meow
Shadow,1,meow
Smokey,7,meow
Leo,15,meow
Oscar,10,meow
Nala,12,meow
Mittens,11,meow
Mittens,8,meow
Whiskers,10,meow
Simba,11,meow
Lily,8,meow
Lucy,5,meow
Marley,11,meow
Oscar,12,meow
Leo,11,meow
Nala,12,meow
Chloe,1,meow
Chester,6,meow
Simba,11,meow
Oscar,15,meow
Bella,8,meow
Salem,12,meow
Ginger,3,meow
Luna,14,meow
Salem,15,meow
Lily,12,meow
Leo,4,meow
Cleo,13,meow
Salem,11,meow
Simba,8,meow
Simba,11,meow
Tigger,5,meow
Tigger,3,meow
Oliver,12,meow
Lucy,5,meow
Tigger,7,meow
Leo,5,meow
Leo,2,meow
Whiskers,10,meow
Cleo,12,meow
Nala,15,meow
Lucy,7,meow
Ginger,4,meow
Whiskers,9,meow
Tigger,11,meow
Nala,3,meow
Oscar,15,meow
Mittens,4,meow
Marley,3,meow
Leo,13,meow
Oscar,5,meow
Tigger,12,meow
Shadow,11,meow
Chloe,5,meow
Shadow,13,meow
Leo,15,meow
Nala,1,meow
Tigger,8,meow
Luna,10,meow
Luna,14,meow
Zoe,13,meow
Nala,15,meow
Lily,13,meow
Marley,1,meow
Marley,8,meow
Zoe,12,meow
Simba,15,meow
Marley,6,meow
Ginger,10,meow
Chloe,7,meow
Oliver,11,meow
Salem,8,meow
Smokey,2,meow
Nala,8,meow
Nala,7,meow
Simba,14,meow
Leo,4,meow
Lucy,8,meow
Marley,15,meow
Shadow,7,meow
Shadow,12,meow
Lily,13,meow
Ginger,2,meow
Lucy,2,meow
Sophie,3,meow
Chester,15,meow
Salem,9,meow
Simba,10,meow
Tigger,7,meow
Chester,3,meow
Leo,7,meow
Chloe,15,meow
Chloe,12,meow
Marley,15,meow
Milo,8,meow
Ginger,11,meow
Smokey,2,meow
Simba,12,meow
Luna,5,meow
Salem,9,meow
Chloe,3,meow
Tigger,6,meow
Mittens,10,meow
Lily,14,meow
Marley,13,meow
Luna,12,meow
Simba,2,meow
Shadow,3,meow
Salem,9,meow
Shadow,1,meow
Ginger,14,meow
Tigger,8,meow
Simba,14,meow
Zoe,7,meow
Zoe,2,meow
Luna,13,meow
Whiskers,10,meow
Whiskers,9,meow
Marley,15,meow
Whiskers,1,meow
Mittens,13,meow
Chloe,3,meow
Sophie,3,meow
Zoe,2,meow
Mittens,12,meow
Nala,1,meow
Bella,13,meow
Nala,11,meow
Bella,15,meow
Ginger,3,meow
Mittens,7,meow
Lucy,6,meow
Chester,6,meow
Ginger,15,meow
Tigger,11,meow
Chester,11,meow
Tigger,10,meow
Sophie,8,meow
Lily,13,meow
Chester,10,meow
Bella,15,meow
Tigger,6,meow
Marley,14,meow
Oliver,4,meow
Ginger,3,meow
Bella,7,meow
Oliver,6,meow
Lucy,4,meow
Salem,12,meow
Simba,10,meow
Shadow,1,meow
Simba,10,meow
Shadow,1,meow
Smokey,11,meow
Lily,2,meow
Ginger,7,meow
Simba,9,meow
Luna,4,meow
Zoe,8,meow
Whiskers,2,meow
Oliver,4,meow
Luna,2,meow
Oliver,13,meow
Bella,11,meow
Marley,13,meow
Chloe,10,meow
Sophie,12,meow
Simba,12,meow
Simba,12,meow
Chloe,3,meow
Oliver,4,meow
Oscar,8,meow
Cleo,13,meow
Leo,4,meow
Milo,13,meow
Whiskers,5,meow
Milo,1,meow
Oscar,8,meow
Lucy,12,meow
Leo,5,meow
Milo,8,meow
Nala,14,meow
Whiskers,10,meow
Marley,12,meow
Smokey,13,meow
Smokey,1,meow
Oscar,3,meow
Zoe,1,meow
Marley,5,meow
Nala,14,meow
Lucy,5,meow
Marley,10,meow
Cleo,3,meow
Marley,4,meow
Luna,4,meow
Oliver,2,meow
Oliver,15,meow
Leo,13,meow
Chloe,14,meow
Bella,15,meow
Simba,13,meow
Bella,6,meow
Sophie,1,meow
Shadow,2,meow
Chester,2,meow
Ginger,7,meow
Whiskers,6,meow
Ginger,11,meow
Lucy,6,meow
Oliver,2,meow
Marley,7,meow
Milo,3,meow
Chloe,6,meow
Whiskers,15,meow
Salem,12,meow
Marley,11,meow
Chester,7,meow
Oscar,8,meow
Chloe,1,meow
Lily,1,meow
Marley,12,meow
Oliver,6,meow
Simba,8,meow
Sophie,14,meow
Chester,6,meow
Whiskers,6,meow
Nala,1,meow
Smokey,2,meow
Marley,8,meow
Shadow,10,meow
Oliver,14,meow
Lucy,6,meow
Chloe,15,meow
Tigger,14,meow
Ginger,7,meow
Cleo,3,meow
Luna,9,meow
Whiskers,15,meow
Whiskers,9,meow
Cleo,2,meow
Leo,8,meow
Sophie,9,meow
Leo,1,meow
Tigger,4,meow
Lily,2,meow
Leo,4,meow
Chester,7,meow
Whiskers,2,meow
Leo,9,meow
Mittens,3,meow
Lucy,3,meow
Sophie,3,meow
Chloe,6,meow
Lily,6,meow
Lucy,2,meow
Bella,3,meow
Lily,13,meow
Leo,15,meow
Simba,4,meow
Ginger,14,meow
Chloe,1,meow
Luna,10,meow
Lucy,5,meow
Bella,10,meow
Cleo,7,meow
Salem,13,meow
Chloe,1,meow
Milo,3,meow
Sophie,5,meow
Simba,9,meow
Tigger,13,meow
Lily,11,meow
Tigger,7,meow
Nala,10,meow
Chloe,10,meow
Lucy,2,meow
Simba,12,meow
Luna,1,meow
Simba,12,meow
Milo,13,meow
Simba,2,meow
Whiskers,1,meow
Simba,1,meow
Luna,2,meow
Leo,8,meow
Bella,15,meow
Chester,14,meow
Simba,10,meow
Bella,7,meow
Nala,9,meow
Lily,5,meow
Cleo,14,meow
Sophie,10,meow
Lily,6,meow
Milo,10,meow
Smokey,3,meow
Sophie,4,meow
Smokey,10,meow
Sophie,8,meow
Oscar,3,meow
Leo,9,meow
Shadow,7,meow
Cleo,14,meow
Chester,7,meow
Smokey,3,meow
Whiskers,11,meow
Salem,3,meow
Luna,2,meow
Milo,4,meow
Chloe,1,meow
Zoe,9,meow
Marley,15,meow
Chloe,15,meow
Milo,6,meow
Milo,12,meow
Chloe,11,meow
Oscar,10,meow
Oscar,10,meow
Salem,15,meow
Shadow,9,meow
Leo,9,meow
Lucy,1,meow
Oliver,11,meow
Bella,6,meow
Smokey,3,meow
Luna,7,meow
Mittens,3,meow
Salem,15,meow
Leo,6,meow
Ginger,7,meow
Marley,8,meow
Chloe,2,meow
Ginger,1,meow
Simba,7,meow
Lily,1,meow
Milo,4,meow
Bella,2,meow
Smokey,11,meow
Shadow,8,meow
Smokey,14,meow
Leo,4,meow
Salem,5,meow
Lily,6,meow
Salem,7,meow
Salem,9,meow
Oscar,1,meow
Lily,15,meow
Tigger,5,meow
Lucy,10,meow
Nala,3,meow
Marley,14,meow
Leo,15,meow
Lily,7,meow
Cleo,2,meow
Tigger,5,meow
Cleo,8,meow
Chester,9,meow
Milo,6,meow
Zoe,4,meow
Ginger,12,meow
Simba,5,meow
Bella,9,meow
Bella,3,meow
Cleo,1,meow
Shadow,15,meow
Lucy,7,meow
Marley,12,meow
Cleo,1,meow
Simba,7,meow
Whiskers,6,meow
Marley,3,meow
Chester,3,meow
Shadow,14,meow
Chloe,4,meow
Shadow,2,meow
Lucy,7,meow
Oliver,15,meow
Ginger,9,meow
Oscar,14,meow
Milo,8,meow
Whiskers,6,meow
Bella,7,meow
Salem,5,meow
Luna,13,meow
Leo,13,meow
Salem,15,meow
Sophie,11,meow
Oliver,9,meow
Bella,15,meow
Oscar,15,meow
Leo,6,meow
Mittens,6,meow
Chloe,9,meow
Simba,2,meow
Shadow,2,meow
Mittens,8,meow
Tigger,12,meow
Bella,5,meow
Marley,4,meow
Salem,2,meow
Zoe,6,meow
Marley,6,meow
Mittens,9,meow
Bella,9,meow
Lily,12,meow
Luna,9,meow
Leo,3,meow
Oliver,6,meow
Nala,15,meow
Mittens,1,meow
Sophie,5,meow
Lucy,12,meow
Whiskers,6,meow
Simba,6,meow
Tigger,3,meow
Smokey,3,meow
Luna,9,meow
Lucy,5,meow
Oliver,7,meow
Shadow,15,meow
Tigger,12,meow
Ginger,10,meow
Cleo,10,meow
Leo,15,meow
Leo,8,meow
Lily,6,meow
Sophie,14,meow
Cleo,4,meow
Marley,3,meow
Chester,13,meow
Luna,3,meow
Tigger,15,meow
Mittens,8,meow
Bella,14,meow
Cleo,11,meow
Cleo,4,meow
Oliver,9,meow
Lily,3,meow
Ginger,7,meow
Lily,2,meow
Zoe,7,meow
Chester,12,meow
Marley,12,meow
Whiskers,14,meow
Marley,8,meow
Cleo,5,meow
Marley,9,meow
Marley,11,meow
Chloe,7,meow
Leo,13,meow
Cleo,2,meow
Tigger,6,meow
Tigger,9,meow
Chloe,1,meow
Bella,4,meow
Salem,1,meow
Ginger,14,meow
Marley,5,meow
Bella,10,meow
Ginger,7,meow
Bella,9,meow
Mittens,12,meow
Cleo,2,meow
Oscar,6,meow
Salem,10,meow
Luna,9,meow
Lucy,6,meow
Mittens,8,meow
Salem,2,meow
Tigger,14,meow
Whiskers,8,meow
Zoe,14,meow
Lucy,10,meow
Leo,4,meow
Marley,12,meow
Leo,4,meow
Bella,10,meow
Bella,13,meow
Nala,11,meow
Ginger,5,meow
Leo,8,meow
Tigger,11,meow
Salem,9,meow
Marley,1,meow
Lucy,8,meow
Oliver,2,meow
Mittens,2,meow
Simba,14,meow
Marley,3,meow
Ginger,5,meow
Marley,13,meow
Ginger,9,meow
Milo,10,meow
Simba,7,meow
Nala,7,meow
Simba,10,meow
Ginger,8,meow
Zoe,3,meow
Ginger,12,meow
Milo,7,meow
Oscar,15,meow
Tigger,2,meow
Simba,12,meow
Oscar,13,meow
Nala,14,meow
Nala,9,meow
Leo,9,meow
Smokey,15,meow
Marley,6,meow
Sophie,15,meow
Oscar,6,meow
Whiskers,3,meow
Mittens,12,meow
Shadow,5,meow
Sophie,2,meow
Milo,12,meow
Nala,3,meow
Smokey,12,meow
Ginger,12,meow
Sophie,11,meow
Bella,7,meow
Milo,10,meow
Marley,13,meow
Whiskers,8,meow
Bella,8,meow
Milo,4,meow
Oscar,13,meow
Tigger,13,meow
Whiskers,6,meow
Zoe,14,meow
Lily,13,meow
Whiskers,13,meow
Milo,11,meow
Chester,4,meow
Chloe,7,meow
Simba,11,meow
Bella,8,meow
Chloe,11,meow
Shadow,7,meow
Salem,7,meow
Zoe,6,meow
Whiskers,14,meow
Mittens,15,meow
Sophie,9,meow
Shadow,5,meow
Chester,6,meow
Mittens,14,meow
Marley,11,meow
Ginger,8,meow
Lily,4,meow
Nala,11,meow
Chester,15,meow
Whiskers,1,meow
Chester,10,meow
Lily,14,meow
Marley,9,meow
Bella,14,meow
Smokey,10,meow
Tigger,11,meow
Smokey,14,meow
Chester,12,meow
Whiskers,1,meow
Mittens,13,meow
Oliver,8,meow
Simba,14,meow
Tigger,4,meow
Lily,4,meow
Chester,12,meow
Ginger,5,meow
Cleo,6,meow
Tigger,5,meow
Chloe,8,meow
Chester,4,meow
Sophie,10,meow
Simba,5,meow
Cleo,8,meow
Salem,7,meow
Smokey,8,meow
Leo,10,meow
Nala,6,meow
Marley,13,meow
Ginger,7,meow
Oliver,9,meow
Ginger,9,meow
Tigger,7,meow
Whiskers,7,meow
Bella,5,meow
Nala,14,meow
Cleo,4,meow
Leo,8,meow
Ginger,11,meow
Oscar,12,meow
Leo,12,meow
Oscar,13,meow
Shadow,4,meow
Shadow,7,meow
Smokey,11,meow
Tigger,3,meow
Mittens,3,meow
Marley,6,meow
Marley,8,meow
Leo,7,meow
Sophie,9,meow
Oscar,14,meow
Bella,8,meow
Tigger,11,meow
Luna,6,meow
Chloe,1,meow
Marley,4,meow
Mittens,9,meow
Salem,2,meow
Chloe,11,meow
Salem,14,meow
Leo,5,meow
Cleo,10,meow
Cleo,14,meow
Marley,4,meow
Shadow,11,meow
Bella,5,meow
Chloe,7,meow
Chester,15,meow
Whiskers,7,meow
Marley,3,meow
Luna,4,meow
Chester,13,meow
Leo,8,meow
Shadow,13,meow
Lucy,2,meow
Lily,8,meow
Ginger,13,meow
Salem,7,meow
Simba,3,meow
Smokey,5,meow
Lucy,11,meow
Luna,3,meow
Leo,7,meow
Bella,6,meow
Lily,9,meow
Cleo,14,meow
Mittens,2,meow
Lily,14,meow
Ginger,1,meow
Chloe,7,meow
Lily,7,meow
Zoe,3,meow
Simba,15,meow
Shadow,11,meow
Milo,11,meow
Whiskers,9,meow
Smokey,1,meow
Shadow,1,meow
Cleo,14,meow
Lily,4,meow
Nala,5,meow
Milo,1,meow
Ginger,4,meow
Oscar,1,meow
Lucy,9,meow
Oliver,3,meow
Oscar,7,meow
Mittens,15,meow
Ginger,13,meow
Ginger,8,meow
Smokey,9,meow
Tigger,8,meow
Zoe,15,meow
Leo,9,meow
Smokey,6,meow
Shadow,4,meow
Simba,1,meow
Oscar,11,meow
Salem,5,meow
Tigger,4,meow
Zoe,8,meow
Leo,5,meow
Sophie,5,meow
Bella,9,meow
Cleo,5,meow
Shadow,4,meow
Chloe,6,meow
Salem,9,meow
Chester,10,meow
Chloe,6,meow
Marley,9,meow
Tigger,1,meow
Nala,3,meow
Whiskers,5,meow
Marley,9,meow
Whiskers,2,meow
Oliver,15,meow
Nala,8,meow
Lily,13,meow
Nala,3,meow
Marley,8,meow
Shadow,15,meow
Bella,9,meow
Sophie,1,meow
Bella,13,meow
Milo,15,meow
Leo,8,meow
Luna,5,meow
Shadow,11,meow
Lucy,2,meow
Ginger,15,meow
Salem,14,meow
Nala,4,meow
Mittens,9,meow
Cleo,9,meow
Zoe,7,meow
Sophie,3,meow
Marley,3,meow
Salem,11,meow
Oscar,10,meow
Cleo,4,meow
Nala,4,meow
Sophie,12,meow
Bella,1,meow
Lily,4,meow
Oliver,8,meow
Salem,8,meow
Ginger,6,meow
Nala,6,meow
Sophie,7,meow
Chester,13,meow
Simba,13,meow
Tigger,10,meow
Whiskers,13,meow
Tigger,3,meow
Tigger,13,meow
Chester,5,meow
Tigger,10,meow
Oliver,1,meow
Leo,10,meow
Lily,1,meow
Oscar,9,meow
Luna,7,meow
Simba,5,meow
Oliver,12,meow
Chloe,8,meow
Bella,12,meow
Bella,8,meow
Smokey,5,meow
Bella,7,meow
Lucy,2,meow
Oscar,4,meow
Sophie,10,meow
Cleo,15,meow
Tigger,9,meow
Chloe,15,meow
Leo,12,meow
Simba,2,meow
Salem,12,meow
Nala,2,meow
Simba,3,meow
Leo,15,meow
Marley,12,meow
Nala,3,meow
Lucy,10,meow
Lily,8,meow
Chester,9,meow
Tigger,3,meow
Ginger,1,meow
Whiskers,8,meow
Luna,7,meow
Mittens,15,meow
Milo,6,meow
Oliver,3,meow
Lily,5,meow
Chester,3,meow
Chester,6,meow
Oscar,1,meow
Luna,1,meow
Cleo,13,meow
Bella,14,meow
Luna,15,meow
Cleo,12,meow
Cleo,10,meow
Leo,3,meow
Marley,8,meow
Whiskers,7,meow
Zoe,11,meow
Lily,9,meow
Cleo,1,meow
Lily,9,meow
Whiskers,7,meow
Oscar,10,meow
Milo,15,meow
Oliver,7,meow
Chloe,5,meow
Cleo,11,meow
Nala,12,meow
Marley,1,meow
Mittens,1,meow
Salem,6,meow
Chloe,8,meow
Lucy,10,meow
Tigger,5,meow
Nala,10,meow
Milo,5,meow
Lily,4,meow
Chester,4,meow
Leo,6,meow
Milo,8,meow
Oscar,9,meow
Leo,4,meow
Sophie,9,meow
Lily,1,meow
Smokey,3,meow
Oscar,12,meow
Mittens,12,meow
Simba,13,meow
Oliver,6,meow
Tigger,9,meow
Smokey,3,meow
Nala,12,meow
Mittens,15,meow
Oliver,10,meow
Tigger,8,meow
Ginger,2,meow
Smokey,9,meow
Zoe,9,meow
Chester,4,meow
Bella,9,meow
Mittens,12,meow
Ginger,13,meow
Ginger,4,meow
Bella,10,meow
Chloe,9,meow
Salem,6,meow
Chester,7,meow
Cleo,13,meow
Salem,4,meow
Chloe,10,meow
Smokey,1,meow
Whiskers,6,meow
Lily,14,meow
Chester,11,meow
Lucy,7,meow
Shadow,9,meow
Tigger,1,meow
Ginger,5,meow
Marley,1,meow
Shadow,5,meow
Whiskers,5,meow
Chloe,7,meow
Marley,1,meow
Cleo,5,meow
Lucy,2,meow
Leo,1,meow
Chloe,7,meow
Bella,12,meow
Chloe,9,meow
Leo,7,meow
Bella,9,meow
Mittens,1,meow
Bella,8,meow
Bella,15,meow
Whiskers,1,meow
Chloe,13,meow
Mittens,6,meow
Salem,8,meow
Chloe,4,meow
Sophie,12,meow
Zoe,3,meow
Chloe,9,meow
Smokey,3,meow
Smokey,3,meow
Salem,9,meow
Whiskers,6,meow
Bella,10,meow
Zoe,15,meow
Bella,13,meow
Milo,13,meow
Ginger,1,meow
Oscar,1,meow
Marley,7,meow
Whiskers,15,meow
Lucy,4,meow
Sophie,2,meow
Tigger,2,meow
Smokey,6,meow
Nala,15,meow
Milo,6,meow
Chloe,10,meow
Salem,15,meow
Chester,3,meow
Marley,2,meow
Ginger,3,meow
Lily,12,meow
Oscar,9,meow
Oscar,5,meow
Leo,11,meow
Oscar,9,meow
Oscar,15,meow
Salem,8,meow
Salem,14,meow
Zoe,4,meow
Oliver,9,meow
Sophie,3,meow
Shadow,5,meow
Chloe,15,meow
Mittens,8,meow
Bella,12,meow
Leo,15,meow
Chloe,1,meow
Ginger,5,meow
Mittens,10,meow
Lily,14,meow
Bella,4,meow
Nala,6,meow
Cleo,14,meow
Chester,7,meow
Shadow,12,meow
Chloe,9,meow
Ginger,15,meow
Tigger,12,meow
Chester,10,meow
Nala,14,meow
Lily,3,meow
Ginger,2,meow
Smokey,5,meow
Nala,15,meow
Zoe,13,meow
Mittens,14,meow
Chester,2,meow
Milo,4,meow
Bella,3,meow
Oliver,10,meow
Ginger,12,meow
Luna,7,meow
Oscar,10,meow
Smokey,5,meow
Shadow,6,meow
Oscar,14,meow
Nala,4,meow
Salem,11,meow
Zoe,6,meow
Chloe,3,meow
Leo,12,meow
Bella,11,meow
Luna,5,meow
Shadow,2,meow
Lily,12,meow
Salem,11,meow
Lily,14,meow
Lucy,4,meow
Oliver,11,meow
Lucy,7,meow
Luna,4,meow
Leo,3,meow
Lily,5,meow
Salem,5,meow
Lucy,13,meow
Zoe,11,meow
Ginger,14,meow
Milo,13,meow
Luna,2,meow
Chloe,2,meow
Smokey,15,meow
Whiskers,6,meow
Oliver,11,meow
Smokey,1,meow
Milo,10,meow
Smokey,15,meow
Nala,1,meow
Simba,5,meow
Smokey,2,meow
Whiskers,4,meow
Mittens,8,meow
Whiskers,8,meow
Oliver,10,meow
Tigger,8,meow
Salem,6,meow
Simba,14,meow
Tigger,3,meow
Whiskers,4,meow
Mittens,5,meow
Bella,6,meow
Sophie,2,meow
Ginger,14,meow
Ginger,7,meow
Zoe,14,meow
Lucy,8,meow
Whiskers,6,meow
Luna,5,meow
Milo,12,meow
Marley,6,meow
Cleo,2,meow
Lucy,15,meow
Nala,6,meow
Oscar,14,meow
Simba,1,meow
Luna,2,meow
Sophie,3,meow
Mittens,15,meow
Lily,3,meow
Oliver,10,meow
Tigger,7,meow
Whiskers,14,meow
Marley,7,meow
Smokey,15,meow
Marley,11,meow
Lily,8,meow
Chloe,14,meow
Marley,9,meow
Simba,11,meow
Simba,14,meow
Bella,8,meow
Ginger,5,meow
Simba,4,meow
Nala,1,meow
Zoe,12,meow
Salem,5,meow
Cleo,2,meow
Luna,10,meow
Whiskers,7,meow
Bella,4,meow
Ginger,13,meow
Luna,8,meow
Oliver,10,meow
Tigger,9,meow
Whiskers,15,meow
Leo,10,meow
Chloe,14,meow
Luna,4,meow
Ginger,13,meow
Marley,9,meow
Oliver,10,meow
Lucy,7,meow
Mittens,15,meow
Chester,13,meow
Chloe,7,meow
Lily,3,meow
Lucy,14,meow
Cleo,9,meow
Ginger,2,meow
Ginger,5,meow
Whiskers,8,meow
Shadow,11,meow
Smokey,7,meow
Leo,11,meow
Smokey,9,meow
Chloe,12,meow
Shadow,9,meow
Salem,4,meow
Zoe,7,meow
Leo,15,meow
Nala,5,meow
Zoe,2,meow
Sophie,1,meow
Smokey,4,meow
Lucy,8,meow
Leo,12,meow
Milo,10,meow
Milo,15,meow
Chloe,8,meow
Simba,12,meow
Simba,7,meow
Lucy,2,meow
Nala,5,meow
Salem,12,meow
Oscar,12,meow
Leo,10,meow
Simba,11,meow
Marley,2,meow
Smokey,14,meow
Whiskers,8,meow
Luna,1,meow
Lily,3,meow
Smokey,12,meow
Smokey,12,meow
Salem,10,meow
Lucy,1,meow
Cleo,12,meow
Milo,2,meow
Milo,8,meow
Nala,4,meow
Cleo,13,meow
Zoe,12,meow
Whiskers,10,meow
Oscar,9,meow
Mittens,6,meow
Salem,9,meow
Lucy,14,meow
Tigger,9,meow
Leo,12,meow
Salem,2,meow
Zoe,2,meow
Whiskers,2,meow
Lily,7,meow
Chester,6,meow
Zoe,6,meow
Oscar,6,meow
Smokey,3,meow
Milo,12,meow
Cleo,13,meow
Leo,6,meow
Simba,13,meow
Marley,3,meow
Lily,14,meow
Lucy,6,meow
Mittens,5,meow
Smokey,5,meow
Luna,8,meow
Zoe,8,meow
Simba,1,meow
Salem,13,meow
Marley,12,meow
Milo,9,meow
Smokey,11,meow
Simba,5,meow
Shadow,6,meow
Mittens,5,meow
Oliver,10,meow
Ginger,1,meow
Chloe,14,meow
Chester,10,meow
Sophie,1,meow
Milo,4,meow
Nala,7,meow
Ginger,6,meow
Chester,11,meow
Simba,9,meow
Shadow,2,meow
Zoe,13,meow
Lily,11,meow
Lucy,1,meow
Whiskers,7,meow
Leo,11,meow
Marley,8,meow
Sophie,7,meow
Chloe,7,meow
Oscar,7,meow
Oscar,12,meow
Marley,1,meow
Lily,1,meow
Smokey,4,meow
Lily,6,meow
Milo,4,meow
Luna,12,meow
Whiskers,14,meow
Bella,5,meow
Tigger,9,meow
Lucy,1,meow
Milo,9,meow
Tigger,13,meow
Simba,3,meow
Oscar,2,meow
Chloe,11,meow
Cleo,12,meow
Bella,2,meow
Oliver,7,meow
Milo,10,meow
Smokey,4,meow
Zoe,9,meow
Whiskers,13,meow
Nala,2,meow
Zoe,7,meow
Whiskers,3,meow
Shadow,5,meow
Lucy,3,meow
Lily,8,meow
Simba,11,meow
Sophie,9,meow
Shadow,15,meow
Nala,13,meow
Chloe,12,meow
Chloe,11,meow
Lily,1,meow
Sophie,6,meow
Whiskers,2,meow
Lucy,11,meow
Nala,3,meow
Marley,10,meow
Lily,7,meow
Sophie,13,meow
Lily,9,meow
Milo,4,meow
Mittens,15,meow
Simba,5,meow
Oliver,8,meow
Sophie,2,meow
Mittens,13,meow
Tigger,6,meow
Oliver,3,meow
Mittens,5,meow
Cleo,9,meow
Mittens,14,meow
Leo,3,meow
Zoe,3,meow
Oliver,11,meow
Chloe,12,meow
Oscar,13,meow
Luna,1,meow
Chloe,11,meow
Chester,8,meow
Sophie,3,meow
Bella,11,meow
Milo,4,meow
Tigger,9,meow
Zoe,10,meow
Mittens,10,meow
Oliver,2,meow
Oscar,6,meow
Leo,10,meow
Shadow,15,meow
Cleo,10,meow
Chloe,14,meow
Smokey,6,meow
Mittens,9,meow
Chester,10,meow
Ginger,12,meow
Bella,3,meow
Mittens,10,meow
Chester,14,meow
Mittens,11,meow
Chester,12,meow
Simba,12,meow
Tigger,7,meow
Chloe,4,meow
Chester,6,meow
Salem,15,meow
Sophie,7,meow
Lily,9,meow
Chloe,15,meow
Marley,8,meow
Zoe,6,meow
Luna,5,meow
Sophie,2,meow
Ginger,1,meow
Mittens,2,meow
Shadow,12,meow
Simba,11,meow
Marley,15,meow
Bella,8,meow
Milo,7,meow
Salem,2,meow
Shadow,4,meow
Smokey,8,meow
Chester,9,meow
Smokey,8,meow
Milo,4,meow
Zoe,12,meow
Simba,9,meow
Bella,1,meow
Mittens,2,meow
Ginger,4,meow
Lucy,1,meow
Lucy,10,meow
Smokey,15,meow
Tigger,13,meow
Lily,12,meow
Oscar,5,meow
Oliver,3,meow
Ginger,3,meow
Whiskers,2,meow
Bella,6,meow
Marley,6,meow
Milo,5,meow
Chester,5,meow
Whiskers,5,meow
Smokey,6,meow
Tigger,14,meow
Sophie,2,meow
Mittens,3,meow
Luna,6,meow
Nala,8,meow
Milo,9,meow
Oscar,7,meow
Salem,14,meow
Nala,15,meow
Milo,11,meow
Salem,8,meow
Leo,3,meow
Nala,12,meow
Ginger,2,meow
Cleo,15,meow
Nala,1,meow
Ginger,6,meow
Luna,12,meow
Milo,15,meow
Bella,15,meow
Marley,12,meow
Cleo,8,meow
Oliver,3,meow
Smokey,5,meow
Ginger,14,meow
Nala,1,meow
Luna,7,meow
Bella,5,meow
Sophie,7,meow
Bella,4,meow
Whiskers,2,meow
Leo,7,meow
Mittens,8,meow
Chester,1,meow
Milo,7,meow
Mittens,6,meow
Lucy,11,meow
Oscar,11,meow
Oliver,3,meow
Lily,3,meow
Milo,1,meow
Whiskers,3,meow
Lily,12,meow
Cleo,2,meow
Tigger,12,meow
Tigger,4,meow
Whiskers,14,meow
Chester,9,meow
Oliver,14,meow
Luna,13,meow
Whiskers,14,meow
Oscar,15,meow
Zoe,11,meow
Chloe,13,meow
Lily,13,meow
Mittens,14,meow
Leo,4,meow
Nala,7,meow
Nala,2,meow
Nala,10,meow
Salem,8,meow
Chloe,15,meow
Luna,11,meow
Oscar,6,meow
Shadow,7,meow
Lily,2,meow
Nala,13,meow
Smokey,5,meow
Milo,10,meow
Simba,1,meow
Zoe,7,meow
Whiskers,3,meow
Oscar,12,meow
Tigger,11,meow
Milo,15,meow
Marley,6,meow
Shadow,9,meow
Smokey,4,meow
Chester,5,meow
Simba,5,meow
Lily,14,meow
Zoe,10,meow
Oscar,15,meow
Sophie,8,meow
Shadow,15,meow
Luna,11,meow
Chester,15,meow
Oscar,3,meow
Marley,1,meow
Sophie,11,meow
Bella,4,meow
Marley,8,meow
Whiskers,7,meow
Shadow,14,meow
Marley,12,meow
Chloe,12,meow
Lily,2,meow
Chester,3,meow
Tigger,6,meow
Bella,4,meow
Chester,5,meow
Oliver,7,meow
Luna,11,meow
Marley,5,meow
Bella,8,meow
Chloe,14,meow
Sophie,9,meow
Simba,1,meow
Milo,1,meow
Simba,4,meow
Chloe,11,meow
Oscar,7,meow
Sophie,4,meow
Oliver,15,meow
Zoe,10,meow
Marley,8,meow
Bella,8,meow
Marley,13,meow
Sophie,12,meow
Lucy,8,meow
Simba,11,meow
Zoe,12,meow
Sophie,8,meow
Leo,10,meow
Nala,13,meow
Leo,6,meow
Nala,3,meow
Smokey,14,meow
Marley,10,meow
Salem,10,meow
Whiskers,6,meow
Salem,3,meow
Nala,14,meow
Chloe,3,meow
Tigger,4,meow
Shadow,8,meow
Salem,5,meow
Cleo,12,meow
Oscar,7,meow
Salem,14,meow
Salem,6,meow
Oliver,15,meow
Leo,14,meow
Smokey,3,meow
Shadow,6,meow
Bella,5,meow
Lucy,15,meow
Whiskers,5,meow
Mittens,10,meow
Leo,15,meow
Simba,12,meow
Chloe,10,meow
Sophie,9,meow
Chester,15,meow
Shadow,1,meow
Marley,6,meow
Oscar,14,meow
Chester,3,meow
Smokey,12,meow
Oliver,7,meow
Ginger,15,meow
Shadow,7,meow
Nala,8,meow
Simba,13,meow
Shadow,12,meow
Milo,3,meow
Bella,1,meow
Sophie,12,meow
Oscar,3,meow
Smokey,2,meow
Chloe,11,meow
Tigger,4,meow
Chloe,10,meow
Chester,13,meow
Shadow,6,meow
Oliver,14,meow
Lucy,5,meow
Oscar,4,meow
Simba,8,meow
Tigger,12,meow
Sophie,10,meow
Leo,10,meow
Milo,1,meow
Milo,11,meow
Smokey,12,meow
Cleo,14,meow
Whiskers,7,meow
Luna,10,meow
Shadow,3,meow
Mittens,3,meow
Oliver,12,meow
Chloe,14,meow
Chester,10,meow
Lily,9,meow
Lucy,14,meow
Lily,6,meow
Leo,14,meow
Whiskers,3,meow
Nala,1,meow
Marley,12,meow
Leo,8,meow
Whiskers,12,meow
Shadow,11,meow
Oliver,14,meow
Oliver,2,meow
Tigger,10,meow
Cleo,5,meow
Lily,11,meow
Tigger,9,meow
Milo,12,meow
Smokey,9,meow
Nala,11,meow
Cleo,15,meow
Lucy,6,meow
Nala,3,meow
Mittens,3,meow
Oscar,11,meow
Bella,1,meow
Sophie,14,meow
Mittens,10,meow
Leo,3,meow
Smokey,10,meow
Mittens,13,meow
Ginger,4,meow
Leo,14,meow
Tigger,9,meow
Oscar,10,meow
Lily,4,meow
Chloe,7,meow
Oscar,5,meow
Marley,2,meow
Oscar,3,meow
Zoe,3,meow
Smokey,6,meow
Leo,14,meow
Tigger,13,meow
Marley,3,meow
Mittens,10,meow
Nala,2,meow
Simba,10,meow
Shadow,8,meow
Mittens,10,meow
Zoe,7,meow
Oscar,2,meow
Whiskers,12,meow
Luna,3,meow
Tigger,3,meow
Zoe,12,meow
Simba,3,meow
Sophie,3,meow
Zoe,6,meow
Ginger,10,meow
Marley,1,meow
Oliver,8,meow
Luna,13,meow
Chloe,13,meow
Leo,11,meow
Smokey,12,meow
Whiskers,3,meow
Zoe,7,meow
Lucy,4,meow
Ginger,11,meow
Bella,3,meow
Luna,3,meow
Oscar,8,meow
Marley,9,meow
Ginger,15,meow
Simba,8,meow
Smokey,15,meow
Milo,7,meow
Oscar,11,meow
Whiskers,3,meow
Oliver,13,meow
Luna,1,meow
Zoe,11,meow
Oliver,13,meow
Chester,12,meow
Oliver,2,meow
Lucy,9,meow
Cleo,3,meow
Cleo,5,meow
Tigger,10,meow
Nala,4,meow
Oscar,11,meow
Nala,12,meow
Milo,4,meow
Mittens,14,meow
Cleo,3,meow
Cleo,8,meow
Leo,10,meow
Sophie,10,meow
Shadow,11,meow
Luna,13,meow
Ginger,1,meow
Cleo,13,meow
Leo,6,meow
Salem,14,meow
Sophie,3,meow
Bella,11,meow
Cleo,1,meow
Smokey,6,meow
Mittens,13,meow
Chester,4,meow
Sophie,14,meow
Oscar,14,meow
Oliver,2,meow
Cleo,8,meow
Tigger,11,meow
Nala,6,meow
Mittens,1,meow
Sophie,12,meow
Chester,7,meow
Leo,15,meow
Luna,9,meow
Marley,13,meow
Oscar,8,meow
Nala,1,meow
Oliver,14,meow
Leo,3,meow
Milo,7,meow
Sophie,11,meow
Chloe,2,meow
Leo,1,meow
Shadow,10,meow
Lucy,8,meow
Lily,1,meow
Chester,5,meow
Tigger,2,meow
Shadow,1,meow
Shadow,3,meow
Shadow,2,meow
Mittens,3,meow
Smokey,8,meow
Chester,3,meow
Oliver,6,meow
Cleo,15,meow
Milo,10,meow
Whiskers,8,meow
Luna,15,meow
Cleo,3,meow
Nala,7,meow
Chester,7,meow
Smokey,3,meow
Lily,5,meow
Ginger,12,meow
Chloe,5,meow
Lily,14,meow
Bella,2,meow
Zoe,7,meow
Zoe,5,meow
Oscar,7,meow
Nala,2,meow
Bella,1,meow
Tigger,5,meow
Smokey,15,meow
Chloe,9,meow
Cleo,15,meow
Leo,15,meow
Lily,12,meow
Leo,10,meow
Chester,5,meow
Marley,2,meow
Zoe,15,meow
Oscar,3,meow
Salem,8,meow
Chloe,5,meow
Cleo,13,meow
Bella,7,meow
Lily,11,meow
Salem,6,meow
Sophie,11,meow
Lily,3,meow
Zoe,5,meow
Oscar,9,meow
Oscar,7,meow
Oscar,3,meow
Oscar,13,meow
Zoe,7,meow
Leo,12,meow
Leo,5,meow
Sophie,1,meow
Milo,13,meow
Milo,3,meow
Ginger,13,meow
Cleo,8,meow
Oscar,13,meow
Simba,15,meow
Nala,7,meow
Tigger,14,meow
Milo,13,meow
Smokey,5,meow
Chloe,4,meow
Chloe,13,meow
Smokey,7,meow
Whiskers,15,meow
Nala,2,meow
Nala,9,meow
Tigger,3,meow
Oliver,4,meow
Cleo,10,meow
Luna,2,meow
Simba,4,meow
Simba,10,meow
Salem,14,meow
Simba,15,meow
Lucy,2,meow
Ginger,12,meow
Luna,9,meow
Chloe,1,meow
Ginger,14,meow
Milo,10,meow
Oliver,6,meow
Whiskers,9,meow
